Country,Year,GDP [million Euro],Population,Emissions_GHG [thousand tonnes CO2eq],Emissions_NOx [tonne],Emissions_PM2.5 [tonne],Emissions_PM10 [tonne],Emissions_SOx [tonne],Emissions_NMVOC [tonne],Emissions_NH3 [tonne],Emissions_Pb [tonne],Emissions_Cd [tonne],Emissions_Hg [tonne],Emissions_As [tonne],Emissions_Ni [tonne],Emissions_Cr [tonne]
Belgium,1990,NaN,9947782,142750.63,428830,49270,67570,364540,348240,129730,253,6,6,7,77,36
Bulgaria,1990,NaN,8767308,80468.09,273150,22860,42800,1105720,440600,102130,448,6,3,25,33,21
Czechia,1990,NaN,10362102,189911.77,748990,298500,429020,1754560,566030,170490,318,5,5,70,55,26
Denmark,1990,108898,5135409,77995.13,302240,24600,36300,178040,215360,130770,130,1,3,1,19,6
Germany,1990,1245386,62679035,1268921.81,2850050,235770,375360,5474420,3890840,715080,1900,29,35,86,340,166
Estonia,1990,NaN,1570599,37015.28,80050,25440,63830,274740,66550,21550,207,5,1,19,27,18
Ireland,1990,NaN,3506970,60588.06,170690,32000,47190,182980,144400,109600,158,1,1,2,22,4
Greece,1990,NaN,10120892,101342.74,408730,60900,86590,507090,316590,88560,505,7,2,2,42,6
Spain,1990,NaN,38853227,254106.69,1333690,194820,265650,2038560,1025920,465710,2586,29,11,15,165,28
France,1990,999521.7,NaN,520100.22,2042040,418330,538290,1286970,2884800,663430,4286,20,26,17,286,399
Croatia,1990,NaN,4772556,25444.41,111280,38760,50470,168490,170240,56230,516,1,1,9,17,5
Italy,1990,NaN,56694360,516260.19,2124710,227480,292900,1783600,1993730,466730,4280,11,15,37,114,86
Cyprus,1990,NaN,572655,5278.01,17810,2760,5630,31920,12960,7960,25,0,0,0,6,0
Latvia,1990,NaN,2668140,13607.81,96910,25620,31190,100450,88620,33350,233,1,0,17,15,3
Lithuania,1990,NaN,3693708,42329.61,152720,16100,19360,201570,131030,81830,8,0,1,1,31,3
Luxembourg,1990,NaN,379300,12891.17,40840,16040,16800,16380,27820,5270,19,0,0,Not Available,Not Available,Not Available
Hungary,1990,NaN,10374823,91721.57,247780,58640,86060,829850,307080,135360,816,2,3,4,12,18
Malta,1990,NaN,352430,2591.13,6850,540,790,12540,4430,1910,0,0,0,0,3,0
Netherlands,1990,NaN,14892574,226282.68,661860,57520,80180,196910,606190,345920,338,4,4,1,75,12
Austria,1990,NaN,7644818,66358.61,217350,27070,40810,73700,335530,61840,233,2,2,0,0,0
Poland,1990,NaN,38038403,445640.18,1116850,366040,733810,2613240,791700,503260,546,12,16,145,206,57
Portugal,1990,NaN,9995995,59681.03,252530,70680,96370,317830,247290,77000,570,2,2,3,111,12
Romania,1990,NaN,23211395,222049.93,428800,76720,132360,819310,326120,366320,728,5,4,73,113,25
Slovenia,1990,NaN,1996377,14234.66,73290,13530,15830,202760,64660,23210,42,1,0,1,3,1
Slovakia,1990,NaN,5287663,63320.24,127900,95820,106430,139680,263140,57700,57,2,2,4,7,6
Finland,1990,111394.9,4974383,57740.85,306350,47390,74170,248820,233010,34730,321,7,1,35,78,48
Sweden,1990,NaN,8527039,34850.48,278640,44110,65120,102600,366820,60300,374,2,2,6,29,23
Norway,1990,94339.8,4233116,40889.89,201660,41500,52170,49700,326020,29790,189,2,1,3,0,11
Switzerland,1990,209686.3,6673850,51936.33,144540,16400,25220,36700,304870,68730,380,3,6,Not Available,Not Available,Not Available
United Kingdom,1990,862468.3,57156972,806529.59,3183980,246660,387740,3587190,2974140,317740,2919,26,38,49,334,178
Belgium,1991,NaN,9986975,145936.43,428300,48310,66260,365680,341110,127650,238,6,6,7,82,54
Bulgaria,1991,NaN,8669269,62312.15,208930,19170,37620,959350,408970,101650,237,4,2,17,31,17
Czechia,1991,NaN,10304607,170083.22,713230,233820,343970,1650360,506190,162720,256,4,5,47,46,23
Denmark,1991,112605.4,5146469,88021.18,352280,26000,37810,238700,223620,125910,109,1,3,1,21,6
Germany,1991,1512391.8,79753227,1164710.43,2626710,230170,370550,3976320,3379110,637380,1454,25,30,58,318,139
Estonia,1991,NaN,1567749,34263.58,74390,24420,60610,252290,63560,19490,190,4,1,17,26,16
Ireland,1991,NaN,3520977,61320.33,173160,31700,46810,183190,146020,111590,142,1,1,2,24,4
Greece,1991,NaN,10272691,101198.08,408660,61980,87180,501910,317790,86320,479,7,2,2,44,6
Spain,1991,NaN,38881416,262620.7,1382820,190290,261160,2060950,1028300,454100,1711,28,11,14,182,30
France,1991,1026930.1,58313439,546890.85,2091320,461470,583330,1377460,2909150,663810,2875,20,26,20,313,345
Croatia,1991,NaN,4782179,17569.83,85250,41000,51350,99880,136270,55860,350,1,1,4,13,4
Italy,1991,NaN,56744119,502150.5,2191680,235940,300310,1672390,2063220,472620,3274,12,15,36,112,80
Cyprus,1991,NaN,587141,5785.58,17620,2740,5510,32790,12640,8040,26,0,0,0,6,0
Latvia,1991,NaN,2658161,11293.11,93330,28490,33690,81690,84680,31760,168,1,0,11,11,2
Lithuania,1991,NaN,3701968,44212.41,161600,17150,20610,224880,132860,79690,9,0,1,1,35,3
Luxembourg,1991,NaN,384400,13239.61,46500,15570,16260,16780,29140,5450,18,0,0,Not Available,Not Available,Not Available
Hungary,1991,NaN,10373153,85960.6,217380,57760,84430,832770,269980,111140,712,2,3,4,16,13
Malta,1991,NaN,361908,2443.82,7380,560,790,11150,4650,2160,0,0,0,0,3,0
Netherlands,1991,NaN,15010445,233972.43,650000,55360,76800,183340,569830,359630,282,4,3,1,76,13
Austria,1991,NaN,7710882,65255.47,226850,26770,40490,70720,329840,62690,196,2,2,0,0,0
Poland,1991,NaN,38183160,440590.46,1103030,335850,675100,2532360,840250,442240,544,10,16,105,189,55
Portugal,1991,NaN,9970441,61561.75,266820,72300,101870,308200,249410,77110,626,2,2,3,116,12
Romania,1991,NaN,23192274,177794.6,365440,63900,108440,700120,275000,305320,459,4,3,46,88,19
Slovenia,1991,NaN,1999945,12528.56,67890,13550,15950,187570,61510,21820,38,1,0,1,3,1
Slovakia,1991,NaN,5310711,53142.82,114500,87030,97110,134910,245430,50690,56,2,2,3,6,6
Finland,1991,103292.1,4998478,42768.79,303480,42770,66890,205520,223270,33190,237,4,1,24,61,60
Sweden,1991,NaN,8590630,35629.57,282800,44290,65000,101000,351810,58320,328,2,1,4,27,19
Norway,1991,98551.5,4249830,36694.92,195910,38380,48650,42410,324510,29350,146,2,1,3,0,11
Switzerland,1991,217731.6,6757188,50666.87,141350,16620,25350,36390,287880,67840,351,3,6,Not Available,Not Available,Not Available
United Kingdom,1991,924332,57338199,814847.64,3097190,246070,385190,3518310,2909520,316010,2665,26,38,48,360,169
Belgium,1992,NaN,10021997,145717.69,429980,47320,64900,356880,340730,128520,250,7,6,9,77,46
Bulgaria,1992,NaN,8595465,57260.55,182530,22240,43510,887120,407250,90010,250,3,2,12,25,11
Czechia,1992,NaN,10312548,164524.98,672270,191920,280140,1381970,481740,151130,269,3,5,40,40,21
Denmark,1992,118194.2,5162126,82928.63,308090,25280,36540,184160,223470,122500,100,1,3,1,19,5
Germany,1992,1647737.1,80274564,1109104.76,2479710,223070,362270,3247350,3065350,635860,1129,23,25,38,286,116
Estonia,1992,NaN,1554878,25110.71,49340,23390,57200,192710,43350,16920,127,3,1,14,17,14
Ireland,1992,NaN,3547492,61032.23,181410,27760,42980,170970,142300,114380,150,1,1,2,24,4
Greece,1992,NaN,10367163,102322.57,415930,62270,88440,516810,312170,84030,450,8,2,3,45,6
Spain,1992,NaN,39051336,272960.09,1418940,186730,257690,2042680,1028010,446080,1124,25,12,15,210,31
France,1992,1083285.9,58604851,536828.27,2076380,445350,562220,1226860,2842480,651320,2090,20,25,19,256,294
Croatia,1992,NaN,4595865,15545.11,79620,35410,43050,104770,103110,50030,257,1,1,1,13,4
Italy,1992,NaN,56772923,503172.78,2230410,228420,291640,1573960,2133670,460770,2460,11,15,36,109,77
Cyprus,1992,NaN,603069,6230.91,19660,2710,5400,37620,12780,8660,26,0,0,0,7,0
Latvia,1992,NaN,2643000,6156.11,75860,26110,30630,69800,76450,25000,127,1,0,8,9,2
Lithuania,1992,NaN,3706299,25306.16,99780,9750,11820,112250,107280,58070,5,0,0,1,18,1
Luxembourg,1992,NaN,389600,12662.2,46620,14410,15420,16180,27270,5410,17,0,0,Not Available,Not Available,Not Available
Hungary,1992,NaN,10373647,75202.88,195430,56840,82720,715550,241600,93920,277,2,2,3,18,10
Malta,1992,NaN,365781,2512.04,8090,620,850,10900,4610,2210,0,0,0,0,4,0
Netherlands,1992,NaN,15129150,234536.81,633350,53520,74010,172990,523880,296660,238,3,3,1,78,12
Austria,1992,NaN,7798899,63641.64,215460,26480,40170,54200,306280,61230,140,1,2,0,0,0
Poland,1992,NaN,38309226,448992.34,1104400,287090,578770,2271370,826140,418930,550,10,15,80,180,53
Portugal,1992,NaN,9950029,61036.92,287950,74180,107510,366620,254820,76240,702,2,2,4,140,14
Romania,1992,NaN,22810035,161019.09,386380,61530,100310,696950,264480,268850,323,3,3,34,70,15
Slovenia,1992,NaN,1998912,12394.35,67240,13570,16080,193460,60260,22760,36,1,0,1,2,1
Slovakia,1992,NaN,5295877,46877.97,107660,81100,90590,132190,232540,43440,57,2,2,3,6,6
Finland,1992,86806.9,5029002,47220.58,287910,38960,60770,156200,217210,31850,165,3,1,18,52,48
Sweden,1992,NaN,8644120,35857.77,269920,43330,63990,94030,332340,59380,304,1,1,4,26,17
Norway,1992,101108.3,4273634,35626.76,199840,36650,46710,36750,350490,30170,130,1,1,3,0,12
Switzerland,1992,216721.6,6842768,51299.11,134610,15990,24630,33980,268070,67400,322,3,6,Not Available,Not Available,Not Available
United Kingdom,1992,911231.6,57511594,793322.31,3041740,237450,364560,3426060,2826170,303950,2444,25,37,46,384,170
Belgium,1993,NaN,10068319,144560.09,424600,46380,63640,331860,331970,131420,213,5,4,9,65,37
Bulgaria,1993,NaN,8484863,56436.98,189240,22540,43850,1211740,397340,78580,322,4,2,13,24,10
Czechia,1993,NaN,10325697,156589.51,548240,174470,253580,1302890,448660,137960,242,3,4,33,37,20
Denmark,1993,122269.6,5180614,83892.28,306950,25550,36580,149200,215340,119710,59,1,3,1,17,5
Germany,1993,1768471.4,80974632,1100617.12,2379360,216640,355990,2911380,2882990,629480,949,21,23,27,258,104
Estonia,1993,NaN,1511303,18513.04,43370,22270,53830,156560,34600,12340,105,2,1,11,14,11
Ireland,1993,NaN,3569367,61791.38,173750,27240,42180,161990,140100,113760,130,1,1,2,25,5
Greece,1993,NaN,10430958,101470.14,407320,62060,88070,508480,312450,78110,429,8,2,3,42,6
Spain,1993,NaN,39264034,262151.04,1374750,183610,256210,1944580,957670,425210,1016,22,10,13,165,27
France,1993,1129359.6,58885929,513610.62,1975200,430610,538700,1066810,2710550,647540,1834,19,23,18,231,234
Croatia,1993,NaN,4555771,15321.25,79620,36810,44500,112210,101570,46180,256,1,0,1,12,4
Italy,1993,NaN,56821250,508993.63,2127100,229910,292250,1471480,2128350,465730,2274,11,14,31,108,73
Cyprus,1993,NaN,619231,6510.58,20070,2690,5290,39910,12740,8900,25,0,0,0,8,0
Latvia,1993,NaN,2585675,2834.55,66210,27400,31720,65740,70320,17760,142,1,0,9,10,2
Lithuania,1993,NaN,3693929,18275.17,77950,9630,11590,104050,93050,43700,4,0,0,1,18,1
Luxembourg,1993,NaN,394750,12716.85,44440,15470,16240,17090,24810,5530,18,0,0,Not Available,Not Available,Not Available
Hungary,1993,NaN,10365035,73805.46,195050,55940,81040,720100,229370,83340,241,2,2,3,22,11
Malta,1993,NaN,369455,3100.29,10320,820,1100,15070,3830,2250,0,0,0,0,5,0
Netherlands,1993,NaN,15239182,235316.35,615580,50790,70060,161900,501060,295420,212,3,2,1,80,11
Austria,1993,NaN,7882519,63679.41,206930,26180,39860,52820,286280,62270,99,1,1,0,0,0
Poland,1993,NaN,38418108,441082.21,1112610,307880,586130,2236770,895370,393580,570,10,15,77,184,55
Portugal,1993,NaN,9954958,58436.63,278050,70100,101420,309630,242850,74710,746,2,2,4,113,12
Romania,1993,NaN,22778533,149608.22,348390,64040,105140,699690,244990,263730,341,4,2,36,73,16
Slovenia,1993,NaN,1994084,12677.74,72040,13590,16210,191300,60890,21290,35,1,0,1,2,1
Slovakia,1993,NaN,5314155,43652.33,104270,65980,75110,126250,206500,38560,54,2,2,3,5,5
Finland,1993,76101.5,5054982,49415.07,293130,35590,56540,137600,211020,32280,105,3,1,16,46,38
Sweden,1993,181713.6,8692013,40028.37,257650,43590,63900,83410,299320,60620,144,1,1,3,28,17
Norway,1993,102942.4,4299167,36060.62,204370,40490,50580,35330,370280,28220,90,2,1,4,0,12
Switzerland,1993,232687.8,6907959,48554.46,122650,15210,23610,29070,241320,66460,265,3,5,Not Available,Not Available,Not Available
United Kingdom,1993,907362.9,57649210,773330.56,2883420,220020,335890,3114470,2690570,299670,2171,14,22,43,373,163
Belgium,1994,NaN,10100631,149416.16,421790,45480,62420,290220,314900,131430,164,4,4,7,76,26
Bulgaria,1994,NaN,8459763,52526.62,180230,20020,42700,1331970,145710,70280,328,4,2,14,26,10
Czechia,1994,NaN,10334013,149126.53,453770,136290,194790,1159420,428830,123170,259,2,4,25,32,18
Denmark,1994,131678,5196642,87327.36,308750,24770,35970,151630,216760,115750,26,1,3,1,21,4
Germany,1994,1859310.3,81338093,1088427.03,2252440,209530,349220,2425360,2468130,609860,755,21,21,17,236,98
Estonia,1994,NaN,1476952,19560.12,47990,21310,50670,151070,36800,11600,125,3,1,11,13,10
Ireland,1994,NaN,3583154,63224.5,173230,24890,39640,177140,137650,114820,113,1,1,2,27,4
Greece,1994,NaN,10489871,104454.22,415180,63570,90490,524470,314500,75010,418,8,2,3,46,6
Spain,1994,NaN,39458489,281118.61,1374450,180110,254300,1895140,976250,441040,1000,22,10,13,171,29
France,1994,1175736.5,59104320,508688.75,1904540,394970,503030,993870,2553670,641690,1632,19,22,17,215,206
Croatia,1994,NaN,4645155,14149.55,81280,34380,43680,99660,98880,45020,278,1,0,2,11,5
Italy,1994,NaN,56842392,490109.09,2027020,225340,287430,1388480,2077360,455920,2094,11,14,29,108,70
Cyprus,1994,NaN,632944,6775.85,20630,2660,5190,41860,13190,8910,26,0,0,0,8,0
Latvia,1994,NaN,2540904,-2020.07,56280,26700,30630,66710,65690,16050,149,1,0,10,12,2
Lithuania,1994,NaN,3671296,17395.24,70040,8900,10760,101770,83940,39230,4,0,0,0,18,1
Luxembourg,1994,NaN,400200,12084.76,40950,13260,14370,15540,22600,5580,15,0,0,Not Available,Not Available,Not Available
Hungary,1994,NaN,10350010,72199.01,194170,55060,79380,629850,215360,78780,193,2,2,3,22,12
Malta,1994,NaN,373161,2881.92,10380,820,1080,12710,3680,2220,0,0,0,0,4,0
Netherlands,1994,NaN,15341553,236137.2,576830,47330,65310,148660,465470,254730,183,3,2,1,82,10
Austria,1994,NaN,7928746,64047.33,198800,25890,39540,47190,263850,62250,69,1,1,0,0,0
Poland,1994,NaN,38504707,435977,1100260,278950,528960,2138090,891290,397110,587,11,14,75,178,53
Portugal,1994,NaN,9974391,58656.65,277870,69630,101320,288160,242650,73980,768,2,2,3,105,12
Romania,1994,NaN,22748027,147516.06,348190,67070,107120,665360,258470,244470,359,4,2,38,64,17
Slovenia,1994,NaN,1989408,12896.72,74660,13610,16340,184930,61880,21290,35,1,0,1,2,1
Slovakia,1994,NaN,5336455,41672.93,106270,57410,66620,123120,191960,39550,51,1,2,2,4,5
Finland,1994,87157.1,5077912,61751.5,293850,35020,55830,122680,210120,33260,74,3,1,11,45,41
Sweden,1994,192863,8745109,40373.02,261030,42620,63090,82100,293540,61670,47,1,1,1,32,15
Norway,1994,107143.7,4324815,40038.24,208650,42620,51860,35150,386190,27440,28,2,1,4,0,12
Switzerland,1994,254448.5,6968570,48860.45,120130,14450,22750,26320,223390,66220,233,3,5,Not Available,Not Available,Not Available
United Kingdom,1994,960427.9,57788017,762031.43,2813890,210700,318290,2833100,2537520,304740,1872,14,21,41,376,153
Belgium,1995,220251.5,10130574,151311.86,415990,44400,60940,257720,306530,134540,197,5,3,6,71,32
Bulgaria,1995,14512.8,8427418,54038.12,181900,19780,43710,1302010,140310,61410,369,4,2,15,28,10
Czechia,1995,46008.4,10333161,147738.4,384910,120370,163110,1058970,391100,115180,260,2,4,17,28,17
Denmark,1995,141441.4,5215718,84425.26,290300,24500,36200,145770,212670,109120,26,1,2,1,13,3
Germany,1995,1977604.1,81538603,1090715.5,2195580,205640,346170,1751450,2340450,612750,682,19,20,9,208,94
Estonia,1995,2988.1,1448075,17281.14,48760,20280,47420,116980,40980,10540,88,2,1,10,11,10
Ireland,1995,52881.3,3597617,65824.21,171480,23270,37450,163210,136300,115560,99,1,1,2,27,5
Greece,1995,104662.1,10535973,106526.69,401920,62350,87690,516570,303400,78390,405,8,2,3,47,7
Spain,1995,470155.7,39639726,295434.41,1355290,175590,251310,1762980,957550,430620,858,22,13,12,192,30
France,1995,1224717.2,59315139,511596.26,1868770,396790,504910,937390,2477580,646960,1458,18,21,17,214,197
Croatia,1995,17581.4,4658893,14321.69,82550,36440,45730,77370,119680,42720,260,1,0,1,14,4
Italy,1995,898299.3,56844408,509920.43,1988850,225410,288040,1322080,2058670,451560,1996,11,14,28,110,69
Cyprus,1995,7596,645399,6703.32,20430,2630,5050,39630,13440,9110,26,0,0,0,7,0
Latvia,1995,4137.4,2500580,-2265.48,51410,28390,32610,49390,64280,15930,127,1,0,8,8,2
Lithuania,1995,5121.7,3642991,17700.86,73820,8040,9720,76790,82550,37630,4,0,0,0,14,1
Luxembourg,1995,15946.2,405650,9593.98,34960,7970,8650,9240,20910,5770,9,0,0,Not Available,Not Available,Not Available
Hungary,1995,35469.4,10336700,71160.02,191980,54170,77780,614210,210450,79940,143,2,2,3,20,12
Malta,1995,2846.6,376433,2678.31,9660,850,1110,10480,3560,2140,0,0,0,0,5,0
Netherlands,1995,346000.8,15424122,235888.72,563020,44700,61460,136330,433900,218750,155,3,2,1,86,9
Austria,1995,184351.3,7943489,66006.6,198140,25590,39230,46800,248200,63350,20,1,1,0,0,0
Poland,1995,108834.6,38580597,427813.88,1078450,258930,462360,2070590,909820,389620,580,11,14,72,174,52
Portugal,1995,91015.8,10008659,63857.34,289670,70580,105290,321990,238610,72610,790,3,2,4,116,13
Romania,1995,28589.8,22712394,155071.78,353870,72300,113800,696080,268220,248020,356,4,3,37,64,19
Slovenia,1995,16340.4,1989477,13561.91,73690,13650,16460,124520,61940,21430,23,1,0,1,2,1
Slovakia,1995,15322.9,5356207,42665.99,108540,50770,59960,120350,179540,38750,49,1,2,2,4,4
Finland,1995,102643.6,5098754,58572.88,273110,32500,51660,104550,203160,33420,73,2,1,5,47,36
Sweden,1995,204328.5,8816381,36887.13,249640,41890,62100,70780,278590,61100,29,1,1,2,30,12
Norway,1995,116241,4348410,36187.88,219900,43100,52080,34550,401360,28160,25,1,1,3,0,12
Switzerland,1995,270155.4,7019019,48986.59,115870,14020,21930,26120,208600,66010,171,2,4,Not Available,Not Available,Not Available
United Kingdom,1995,1025809.9,57943472,755704.57,2663020,192970,294630,2546540,2334200,298260,1563,12,20,37,361,132
Belgium,1996,219965.3,10143047,154827.76,400910,43470,59680,247610,297470,135280,210,4,3,6,84,33
Bulgaria,1996,9829.8,8384715,55146.31,178650,22340,45910,1271170,131580,60980,362,4,2,18,33,10
Czechia,1996,53088.1,10321344,151023.61,369060,120990,162760,914440,391190,117320,266,2,4,9,25,17
Denmark,1996,147843.4,5251027,96846.1,324090,24200,35570,176170,214360,104670,25,1,2,1,14,4
Germany,1996,1967956.2,81817499,1105254.91,2113640,193760,330150,1484160,2243120,622650,539,20,20,9,195,87
Estonia,1996,3770,1425192,17877.33,53080,19180,43680,126060,42030,9340,69,1,1,10,11,10
Ireland,1996,59701.5,3620065,67634.27,175360,23690,38950,150090,137230,119840,83,1,1,2,25,5
Greece,1996,114908.2,10588332,110238.47,409080,65530,91570,514220,309120,79420,401,8,2,3,47,7
Spain,1996,506362.6,39808374,287059.83,1316120,173820,251250,1550430,977960,472270,821,24,11,14,160,30
France,1996,1265105.4,59522297,522218.87,1841340,409360,519970,924970,2416840,652650,1289,17,20,17,221,182
Croatia,1996,19230.3,4581167,15161.26,87970,40310,50790,61820,122550,43020,209,1,0,1,13,3
Italy,1996,1033759.7,56844197,502823.91,1915830,214970,275290,1213270,2007360,445650,1887,10,14,26,109,50
Cyprus,1996,7890.1,656333,7048.88,21000,2610,5000,41640,13350,9530,26,0,0,0,8,0
Latvia,1996,4703.6,2469531,-2369.79,51000,29570,34030,55670,64570,15660,123,1,0,9,11,2
Lithuania,1996,6601.8,3615212,24268.56,77290,8370,10080,76220,84500,38510,4,0,0,0,15,1
Luxembourg,1996,16462.1,411600,9612.06,35080,7570,8800,8780,20040,5890,9,0,0,Not Available,Not Available,Not Available
Hungary,1996,36758.4,10321229,77344.44,195310,53200,75910,612050,202510,79630,114,2,2,3,17,12
Malta,1996,3010.6,378404,2797.32,9790,890,1160,10180,3360,1930,0,0,0,0,5,0
Netherlands,1996,354929.1,15493889,246557.07,548980,42170,57740,123710,405930,222390,105,3,1,1,71,7
Austria,1996,186968.1,7953067,71841.66,215960,25280,38930,43940,238760,62700,20,1,1,0,0,0
Poland,1996,126200.8,38609399,424232.47,1110090,256070,451630,2107100,930390,367890,580,11,14,59,176,53
Portugal,1996,96626.8,10043693,58058.42,270870,71030,101030,262890,239920,74220,321,3,3,3,92,12
Romania,1996,29035.4,22656145,158844.76,392430,109660,151910,698710,314150,249110,344,5,3,36,70,20
Slovenia,1996,16946.1,1990266,13597.71,75490,13700,16630,115910,65470,20690,11,1,0,1,3,1
Slovakia,1996,17053.2,5367790,42570,108570,47030,57210,117860,172780,39170,48,1,2,2,4,5
Finland,1996,104142.2,5116826,57442.23,277450,31640,50230,109080,195660,34470,49,2,1,9,37,33
Sweden,1996,229771.3,8837496,38844.1,244940,41320,61190,69150,273700,61180,24,1,1,1,30,11
Norway,1996,128671.9,4369957,39999.55,230440,43940,53070,33640,404770,28740,13,1,1,3,0,12
Switzerland,1996,268398.8,7062354,48052.24,110100,13860,21640,24690,197060,64590,147,2,4,Not Available,Not Available,Not Available
United Kingdom,1996,1114850.1,58094587,775443.32,2570560,190460,294230,2167140,2273290,307980,1327,11,15,36,349,125
Belgium,1997,223032.7,10170226,146814.29,385800,42650,58590,225550,281580,135280,229,4,4,5,64,32
Bulgaria,1997,10064.7,8340936,51813.38,151510,20540,45210,1224410,108370,58330,271,4,2,18,28,9
Czechia,1997,54857.3,10309137,147533.37,339430,95400,126650,694460,370300,109930,250,2,4,6,20,13
Denmark,1997,153152.1,5275121,87788.99,276890,23250,34600,104240,202600,103980,23,1,2,1,13,3
Germany,1997,1952617.8,82012162,1070886.42,2040190,192800,335130,1233550,2188300,615770,411,19,19,9,194,88
Estonia,1997,4553.7,1405996,17478.05,52250,18110,40850,116620,43090,9540,50,1,1,10,10,10
Ireland,1997,73118.8,3654955,68437.32,169840,21750,37980,168970,134910,122980,87,1,1,2,28,5
Greece,1997,126353.8,10629267,115486.24,423540,67490,94710,546330,307370,78610,392,9,2,3,51,7
Spain,1997,520831,39971329,301830.35,1323220,169860,248920,1625110,973310,469310,754,23,10,16,154,32
France,1997,1282409.5,59726386,514393.43,1780120,372260,481980,783280,2299600,647800,1139,16,16,17,213,180
Croatia,1997,21332.1,4533028,17153.73,90210,39110,50660,77210,109600,45200,190,1,0,1,12,4
Italy,1997,1096302,56876364,518838.31,1838090,212390,269980,1138030,1961950,456020,1706,10,14,25,95,40
Cyprus,1997,8414.2,666313,7161.79,21320,2600,4920,43980,13340,9730,25,0,0,0,8,0
Latvia,1997,5751.2,2444912,-1161,48620,28920,33590,43970,61150,15370,162,1,0,14,9,2
Lithuania,1997,8922.8,3588013,22610.71,81690,8320,9970,70120,84240,38620,4,0,0,0,13,1
Luxembourg,1997,17266.5,416850,8872.75,35260,5180,5890,5980,18850,5920,6,0,0,Not Available,Not Available,Not Available
Hungary,1997,41741.4,10301247,75345.7,197400,52400,74400,625630,193380,78000,97,2,2,3,19,11
Malta,1997,3346.8,381405,2811.58,10890,980,1250,10280,3450,1950,0,0,0,0,5,0
Netherlands,1997,367861.6,15567107,238357.21,521010,39290,53940,109510,372720,212820,55,3,1,1,56,6
Austria,1997,187853.7,7964966,62976.64,202250,24960,38630,40400,224520,62970,19,1,1,0,0,0
Poland,1997,140649.2,38639341,414192.84,1055390,225580,395310,1921130,898050,370820,553,11,13,56,164,50
Portugal,1997,103306.6,10084196,60382.81,273310,73460,110730,275060,244450,73550,327,3,3,3,100,13
Romania,1997,31450.5,22581862,151082.47,375590,129750,168280,614040,321160,230670,348,5,2,35,75,22
Slovenia,1997,18320.7,1986989,13932.14,75990,13750,16790,119990,62820,20700,10,1,0,1,3,1
Slovakia,1997,19331.1,5378932,42560.86,108870,40530,49420,116990,159440,41430,51,1,2,2,3,4
Finland,1997,112033.4,5132320,60833.62,271580,30950,49680,100670,195530,35980,32,2,1,13,38,30
Sweden,1997,236645.7,8844499,32771.62,234160,38290,57710,60250,252520,62440,24,1,1,1,25,9
Norway,1997,142336.6,4392714,41329.8,239030,47810,57500,31190,404280,27900,13,1,1,3,0,13
Switzerland,1997,260529,7081346,48523.84,105770,12920,20640,21400,185020,62130,132,2,3,Not Available,Not Available,Not Available
United Kingdom,1997,1374765.3,58239312,750738.33,2363140,180840,276840,1767090,2162270,314330,1171,10,12,32,290,115
Belgium,1998,231015.7,10192264,151431.4,386910,41580,57120,211850,273090,136760,154,2,3,6,70,28
Bulgaria,1998,13437.6,8283200,48075.63,152860,25940,52370,1111630,110050,51730,319,4,2,18,26,9
Czechia,1998,59824.8,10299125,141697.3,319650,69880,93250,425350,343070,106300,227,2,3,6,19,12
Denmark,1998,158146.4,5294860,83590.6,256690,21190,32490,80600,193450,104140,25,1,2,1,11,2
Germany,1998,2000815.9,82057379,1046448.29,2013680,182990,323540,987070,2131340,624350,380,19,19,8,188,86
Estonia,1998,5067.5,1393074,15257.86,49680,17420,37810,104630,39560,9680,44,1,1,9,9,9
Ireland,1998,80565.7,3693386,70795.05,179610,23160,40000,179770,137490,127560,59,1,0,2,31,5
Greece,1998,129057.3,10693250,121254.35,450420,68960,96150,570870,313220,78650,386,9,3,3,57,7
Spain,1998,553338.4,40143449,310709.18,1309230,165150,245600,1497050,998510,494680,691,24,10,15,170,33
France,1998,1343327.3,59934884,526946.6,1809650,365180,472190,815830,2236180,649810,1021,15,14,17,213,159
Croatia,1998,22985.8,4536812,17432.2,92610,39440,51250,95560,108000,41260,180,1,0,1,14,4
Italy,1998,1134534.9,56904379,533708.83,1724570,211800,269220,1003870,1873950,456340,1572,10,14,27,102,42
Cyprus,1998,9152.6,675215,7540.46,21730,2560,4830,47340,12960,9860,23,0,0,0,9,0
Latvia,1998,6402.4,2420789,-713.85,44940,28950,33700,39840,58520,14580,155,1,0,14,10,2
Lithuania,1998,10025.7,3562261,15977.08,84180,8900,10950,86160,77010,37820,4,0,0,0,17,1
Luxembourg,1998,18005.7,422050,8111.19,34570,2340,3020,3340,17600,5970,2,0,0,Not Available,Not Available,Not Available
Hungary,1998,43408.6,10279724,73581.86,197350,51590,73940,566080,186690,80290,91,2,2,3,19,11
Malta,1998,3581.8,384176,2774.32,10550,900,1160,10450,4380,1890,0,0,0,0,5,0
Netherlands,1998,391460.9,15654192,238749.01,499710,36600,50430,100660,375820,197330,43,3,1,1,43,6
Austria,1998,195011.9,7971116,64126.86,214060,24650,38330,35630,216040,63350,18,1,1,0,0,0
Poland,1998,155011.6,38659979,378247.54,966110,196300,341890,1735020,827680,379450,478,10,13,38,149,44
Portugal,1998,110683.7,10133758,66921.33,286590,81340,181470,322240,248280,71560,339,3,3,4,126,14
Romania,1998,37063.3,22526093,131675.77,327470,116370,152040,494440,296000,225770,265,4,2,26,55,20
Slovenia,1998,19784.6,1984923,13397.92,67520,13820,16970,110050,58510,20940,9,1,0,1,3,1
Slovakia,1998,20333.8,5387650,40817.56,109170,41710,52260,117770,160680,35330,52,1,2,2,3,4
Finland,1998,119733.4,5147349,58350.59,257430,28640,45790,93410,190650,35250,37,2,1,14,34,30
Sweden,1998,241468.1,8847625,32214.3,225310,36010,55490,57060,241500,61830,23,1,1,1,24,8
Norway,1998,137395.7,4417599,39120.6,241840,43510,52400,29990,396910,28540,14,1,1,4,0,13
Switzerland,1998,271620.6,7096465,51076.84,105180,12460,20120,22140,172940,61530,91,2,3,Not Available,Not Available,Not Available
United Kingdom,1998,1474279.7,58394596,748575.32,2278770,171140,261420,1757850,1990830,315470,869,8,11,31,274,110
Belgium,1999,242307.6,10213752,145678.41,359580,40410,55490,173280,256290,132550,168,2,3,5,52,25
Bulgaria,1999,12804.4,8230371,41273.59,135960,23400,49430,840010,100390,53900,310,3,2,16,23,8
Czechia,1999,61082.9,10289621,131749.21,294610,51540,68740,231930,326280,106580,224,2,3,5,16,11
Denmark,1999,166972.1,5313577,81289.85,238530,20630,31810,59630,186260,99060,32,1,1,1,9,2
Germany,1999,2059480,82037011,1009110.54,1980150,177840,317570,806520,1969230,622270,356,18,18,8,182,83
Estonia,1999,5406.9,1379237,14520.3,44630,16070,35060,97780,36280,8930,43,1,1,9,8,9
Ireland,1999,92790.5,3732006,72206.34,180390,19910,37320,161140,129060,125330,35,1,0,2,34,5
Greece,1999,139945.1,10747768,120605.44,444270,71240,98380,555790,315410,78530,359,9,2,3,58,7
Spain,1999,595723,40303568,334621.45,1332780,161830,244190,1511300,968940,500480,623,23,11,15,204,35
France,1999,1400999,60158533,518135.24,1765320,344250,450740,714690,2146830,649340,788,14,13,16,204,130
Croatia,1999,22228.4,4527460,17940.86,96010,38530,51020,95490,105240,43780,176,1,0,2,16,5
Italy,1999,1175149.5,56909109,529814.66,1626180,208680,264880,903210,1807140,461980,1404,10,14,31,106,43
Cyprus,1999,9839.8,682862,7716.45,22030,2530,4730,49580,13650,9830,22,0,0,0,10,0
Latvia,1999,7046.7,2399248,2190.12,43390,29030,33600,32220,56050,13430,151,1,0,15,9,2
Lithuania,1999,10292.3,3536401,13845.82,71960,8170,9970,64220,68610,35000,3,0,0,0,12,1
Luxembourg,1999,20547.8,427350,8484.35,37230,2400,3030,3440,17020,6130,2,0,0,Not Available,Not Available,Not Available
Hungary,1999,46040.1,10253416,76107.4,201340,50680,72580,558610,185820,81720,29,2,2,3,17,11
Malta,1999,3861,386397,2858.84,9970,790,1060,10510,3850,1940,0,0,0,0,5,0
Netherlands,1999,419459,15760225,225140.36,492910,35420,48320,94260,355330,195900,35,3,1,1,30,5
Austria,1999,203850.6,7982461,60287.86,205880,24330,38040,33740,204890,62140,18,1,1,0,0,0
Poland,1999,159561.4,38666983,369318.54,944910,182720,322200,1554830,818400,374140,461,9,12,33,136,42
Portugal,1999,119603.3,10186634,73912.28,298110,75300,132640,331140,237450,73820,342,3,3,4,123,14
Romania,1999,33726.8,22488595,114086.63,284340,107910,140240,474710,270410,209970,144,4,2,15,45,15
Slovenia,1999,21227.5,1978334,12726.66,60690,13910,17180,96170,55710,20940,8,1,0,1,2,1
Slovakia,1999,19516.1,5393382,40244.94,105260,39380,48410,115380,153450,33680,51,1,2,2,3,3
Finland,1999,126916,5159646,56970.98,252740,28760,46080,91840,184280,37940,34,2,1,5,37,31
Sweden,1999,257109.7,8854322,29456.02,218590,33870,52990,47060,233170,60400,21,1,1,1,19,7
Norway,1999,152301.8,4445329,38580.12,234060,41560,50320,29390,405040,29260,13,1,1,4,0,12
Switzerland,1999,280220.9,7123537,51304.11,104700,12130,19530,19260,163490,60930,54,1,2,Not Available,Not Available,Not Available
United Kingdom,1999,1578395.1,58579685,718766.74,2145630,168660,256170,1354900,1798590,308950,520,8,8,29,250,95
Belgium,2000,256376.4,10239085,147197.8,360300,40030,54960,170550,232110,93460,98,3,3,4,35,21
Bulgaria,2000,14440,8190876,39208.65,144350,25310,46360,863180,108380,50610,275,4,2,7,8,8
Czechia,2000,67032.5,10278098,141399.99,297780,49480,66090,233010,313890,105760,219,2,3,4,14,12
Denmark,2000,178018.1,5330020,76598.44,226440,21150,33070,32540,185300,97400,20,1,1,1,8,2
Germany,2000,2109090,82163475,1027336.92,1904660,168880,302670,650750,1803990,626880,357,18,18,8,166,83
Estonia,2000,6171.6,1401250,13274.54,45660,15380,32130,97120,36610,8600,40,1,1,9,6,8
Ireland,2000,108495.3,3777565,76064.68,182480,20140,38570,144280,122620,119850,15,1,0,2,32,5
Greece,2000,142976,10775627,124591.03,430350,66520,128180,553490,308440,75270,340,8,3,3,50,7
Spain,2000,647851,40470182,348537.54,1351250,163830,249050,1388810,933890,523540,477,17,9,16,197,35
France,2000,1478585,60545022,529295.95,1708630,316510,420310,616120,2044340,662490,262,14,12,15,177,112
Croatia,2000,23659.5,4497735,19106.17,90910,35300,44500,60380,102810,44050,143,1,0,1,13,3
Italy,2000,1241512.9,56923524,536177.49,1504350,194560,248100,756370,1630280,453870,964,10,14,39,107,44
Cyprus,2000,10804.6,690497,8238.6,22420,2540,4760,47600,13280,9920,20,0,0,0,10,0
Latvia,2000,8632.3,2381715,-1669.63,41820,27130,31700,17760,54000,13570,153,1,0,15,7,2
Lithuania,2000,12475.7,3512074,10008.86,61320,7310,9090,39050,60650,33720,3,0,0,0,6,1
Luxembourg,2000,22986,433600,9058.16,41330,2420,3000,3660,16100,6100,1,0,0,0,0,0
Hungary,2000,51238.5,10221644,74079.69,188790,50110,74450,427350,190290,85180,19,2,2,3,14,12
Malta,2000,4412.4,388759,2784.67,9650,740,1020,9120,3810,2050,0,0,0,0,5,0
Netherlands,2000,452007,15863950,223209.22,472190,34840,49360,78200,335240,173250,28,3,1,1,20,5
Austria,2000,213606.5,8002186,63523.56,211670,24020,37740,31570,181170,60810,17,1,1,0,0,0
Poland,2000,186737.9,38263303,360077.4,885390,164040,287990,1341100,784400,361690,393,8,11,31,124,39
Portugal,2000,128414.4,10249022,76323.82,292280,74080,110450,294980,238080,76740,34,3,2,4,106,13
Romania,2000,40594.9,22455485,107585.9,293740,105540,138530,491570,289740,197020,50,3,3,6,35,15
Slovenia,2000,21866.8,1987755,12395.41,58720,14050,17420,93030,54940,21760,7,1,0,1,2,1
Slovakia,2000,22389.1,5398657,38413.24,108360,43370,52780,117290,152920,33440,48,1,2,2,3,4
Finland,2000,136442,5171302,55190.44,241060,26320,42930,81810,177970,34810,31,1,1,4,35,29
Sweden,2000,285150.3,8861426,26597.73,215370,33270,52240,44570,223030,59720,18,1,1,1,18,7
Norway,2000,185788.4,4478497,36281.48,222000,42210,51200,27050,415390,28560,11,1,1,3,0,10
Switzerland,2000,303354.3,7164444,58300.23,102270,11610,19030,16460,153910,61150,32,1,2,0,0,0
United Kingdom,2000,1798090.2,58785246,718540.52,2048830,153240,241960,1296090,1648300,303490,191,7,8,25,230,92
Belgium,2001,264334.9,10263414,145811.2,347800,39150,53180,164860,226070,91090,75,2,3,4,39,19
Bulgaria,2001,15905.3,8149468,44900.21,149640,23760,44450,828500,96460,47750,255,4,1,7,7,7
Czechia,2001,75705.2,10232027,141544.32,303040,50410,66100,228720,304310,109670,93,2,3,4,13,12
Denmark,2001,184045.6,5349212,77673.48,223680,21160,32630,29900,175240,95130,19,1,1,1,7,2
Germany,2001,2172540,82259540,1035219.51,1847670,162560,287620,629560,1709070,631490,336,17,18,8,164,81
Estonia,2001,6987.1,1392720,13578.34,47760,16290,32020,90760,35490,9450,40,1,1,8,6,8
Ireland,2001,122089.2,3832783,79371.83,181630,19820,39490,142320,122660,119980,13,0,0,2,32,4
Greece,2001,152193.8,10835989,125164.07,456080,70660,133530,567130,305750,74530,67,9,3,3,54,7
Spain,2001,700993,40665545,345255.82,1319270,156180,241160,1328100,906570,519510,261,14,8,16,205,35
France,2001,1538200,60979315,522536.36,1672430,304440,406050,559460,1949170,657410,228,13,11,15,182,84
Croatia,2001,25947.3,4295406,19013.52,90980,37900,46860,59100,100580,46850,110,1,0,1,12,4
Italy,2001,1304136.8,56960692,527505.07,1474990,186220,240300,704640,1566520,453670,727,10,14,39,109,44
Cyprus,2001,11602.9,697549,8042.44,22470,2280,4330,45250,13090,10770,19,0,0,0,10,0
Latvia,2001,9374.4,2353384,-1551.99,44800,28130,32830,14310,56740,14480,154,1,0,15,7,2
Lithuania,2001,13664.6,3486998,12974.29,63110,7590,9420,42630,57320,33790,3,0,0,0,7,1
Luxembourg,2001,23879.9,439000,9558.8,43270,2580,3200,4330,15880,5990,1,0,0,0,0,0
Hungary,2001,60012.9,10200298,74316.54,188720,53850,80700,346430,190410,84420,19,2,2,3,14,12
Malta,2001,4565.5,391415,2933.73,8760,760,1100,11330,3650,1950,0,0,0,0,6,0
Netherlands,2001,481881,15987075,223920.97,460390,33130,47470,78940,306430,167240,32,3,1,1,24,5
Austria,2001,220525.1,8020946,64581.31,222450,24280,37720,32450,175860,60880,17,1,1,0,0,0
Poland,2001,212834.1,38253955,366312.58,861580,161500,285630,1315540,754420,350660,268,8,11,25,120,38
Portugal,2001,135775,10330774,72710.66,289990,71370,121750,277790,233560,73320,32,3,2,4,112,12
Romania,2001,45143.6,22430457,110335.01,301600,86180,120670,509130,274190,189920,51,3,3,6,42,15
Slovenia,2001,23249.1,1990094,13626.23,59080,16240,19750,63200,55530,21780,6,1,0,1,3,2
Slovakia,2001,23909.8,5378783,41425.26,109340,42560,51810,123120,154030,34790,41,1,2,2,3,4
Finland,2001,144628,5181115,58968.52,244340,26990,43910,95770,175090,35010,30,2,1,5,32,26
Sweden,2001,270524.5,8882792,26566.08,206270,32150,51080,42360,212980,59170,17,1,1,1,18,7
Norway,2001,194362.4,4503436,35586.04,219680,41410,50480,25420,425100,28780,10,1,1,2,0,8
Switzerland,2001,320902.7,7204055,53647.94,98880,11370,18650,17270,145640,60920,29,1,1,0,0,0
United Kingdom,2001,1830567.5,58999781,721094.55,2002100,152300,248020,1226640,1570320,295370,185,6,8,22,228,73
Belgium,2002,273255.9,10309725,145302.31,336610,36660,49970,156990,210360,88510,83,2,4,3,35,18
Bulgaria,2002,17478.3,7868815,42015.01,166020,28010,47290,758480,103930,47310,216,4,1,12,18,8
Czechia,2002,87358.2,10201182,138171.36,294190,47030,61570,223410,292400,106130,91,2,3,3,13,12
Denmark,2002,189794.9,5368354,78149.9,220920,20570,32170,28470,170180,93340,18,1,1,1,8,2
Germany,2002,2198120,82440309,1047328.57,1786220,156000,280330,566430,1617600,618950,305,16,17,8,157,79
Estonia,2002,7822.6,1383510,13270.32,48490,16530,27960,87040,34580,8950,39,1,1,8,6,8
Ireland,2002,135997.6,3899702,77079.08,174290,19030,38430,106700,122790,120460,12,0,0,2,25,3
Greece,2002,163460.8,10888274,124790.05,451190,69090,134360,551600,318880,74420,65,9,3,3,52,7
Spain,2002,749552,41035278,364806.6,1352330,151990,239920,1470260,870440,509460,134,15,9,16,225,38
France,2002,1587829,61424036,508082.41,1630550,283390,382350,518740,1821230,642130,224,12,10,14,159,59
Croatia,2002,28749.8,4305494,19778.84,93590,37840,49660,63100,103390,45530,67,1,1,1,13,4
Italy,2002,1350258.9,56987507,529083.39,1417870,156100,208320,623340,1471680,442330,264,8,14,36,113,45
Cyprus,2002,12082.9,705539,8188.65,22120,2220,4300,45420,13830,11420,18,0,0,0,10,0
Latvia,2002,10168.7,2320956,145.88,43740,27750,32590,13010,55630,14400,155,1,0,15,7,2
Lithuania,2002,15153.3,3454637,14298.84,63970,7790,9690,37310,60080,35870,3,0,0,0,6,1
Luxembourg,2002,25011.1,444050,10363.62,43600,2390,3190,3300,15850,5780,1,0,0,0,0,0
Hungary,2002,71756.1,10174853,73218.98,181420,38970,62800,272460,176670,84880,21,2,2,3,8,12
Malta,2002,4740.9,394641,3007.3,9150,770,1090,11000,3980,1980,0,0,0,0,6,0
Netherlands,2002,501137,16105285,221646.92,442840,31630,46320,71250,290790,160220,36,4,1,1,12,5
Austria,2002,226735.2,8063640,71374.19,230370,23450,36650,31390,171110,60210,18,1,1,0,0,0
Poland,2002,210560,38242197,348147.61,827400,159280,284580,1230560,774380,344930,267,8,10,19,116,37
Portugal,2002,142554.3,10394669,77786.14,295510,71100,125500,276960,227590,71350,32,3,2,4,124,13
Romania,2002,48695.7,21833483,113910.07,309010,89120,122990,508790,278490,196470,58,3,3,6,34,17
Slovenia,2002,24972.4,1994026,12773.58,58650,13940,17530,62950,51510,22350,5,1,0,1,3,1
Slovakia,2002,26340.7,5378951,39548.74,103180,32220,41440,99300,140720,36010,41,1,2,2,2,3
Finland,2002,148486,5194901,60134.08,242180,27130,44340,90380,166170,35850,31,1,1,4,38,39
Sweden,2002,283627.1,8909128,27947.73,199290,31360,50220,42370,208210,58910,14,1,1,1,19,9
Norway,2002,207898.4,4524066,33305.6,214730,41960,50940,23030,382230,29050,11,1,1,2,0,7
Switzerland,2002,329543.3,7255653,50450.63,94150,10800,18040,15050,134880,59620,26,1,1,0,0,0
United Kingdom,2002,1888699.6,59239564,698773.02,1903040,135400,218310,1104200,1480670,292070,179,6,7,19,189,62
Belgium,2003,281200.2,10355844,145706.58,331860,37130,50740,151960,200140,84610,81,2,4,3,36,18
Bulgaria,2003,18798.3,7805506,47315.7,170010,30650,53060,826250,102710,48710,252,4,2,14,21,9
Czechia,2003,88659.5,10192649,141898.61,295530,47070,61290,218390,286750,105830,76,2,3,3,14,12
Denmark,2003,193353.4,5383507,82865.37,229640,21490,32040,35330,162140,91840,19,1,1,1,8,2
Germany,2003,2211570,82536680,1040111.01,1740590,149610,266500,539040,1536520,616000,274,15,16,8,178,79
Estonia,2003,8744.4,1375190,13206.98,49400,14340,24400,100320,33330,9660,41,1,1,10,7,10
Ireland,2003,145576.4,3964191,77835.26,173190,18670,39620,82680,121150,120490,12,0,0,2,21,3
Greece,2003,178904.9,10915770,128799.35,460830,68310,129460,559830,330530,73930,65,9,3,3,53,7
Spain,2003,802266,41827838,373516.18,1343820,163700,254440,1216730,837800,519470,134,13,7,17,178,35
France,2003,1630666,61864088,508259.43,1585600,282710,382770,501510,1773860,633360,172,9,7,13,153,51
Croatia,2003,30992.8,4305384,22025.6,93060,43760,58940,63560,107280,46460,33,1,1,1,16,4
Italy,2003,1394693.2,57130506,556122.27,1397120,174610,225740,525610,1451770,441690,270,8,15,37,115,47
Cyprus,2003,12871.3,713720,8583.55,22440,2230,4290,47000,14860,10880,16,0,0,0,11,0
Latvia,2003,10499.6,2299390,715.22,45600,29040,34240,11360,55300,14520,168,1,0,16,7,2
Lithuania,2003,16650.2,3431497,15172.23,60710,7550,9390,23970,58490,36980,3,0,0,0,5,1
Luxembourg,2003,26227.3,448300,10846.56,46060,2580,3620,2990,14530,5600,2,0,0,0,0,0
Hungary,2003,75442.8,10142362,73725.77,185090,48160,75000,246110,181530,86390,21,2,2,3,7,12
Malta,2003,4823.5,397296,3286.73,8740,720,1050,11470,3170,1870,0,0,0,0,6,0
Netherlands,2003,512810,16192572,222593.8,437540,30760,43950,66570,283000,156490,32,4,1,1,13,5
Austria,2003,231862.5,8100273,86228.04,241410,23290,36420,31170,167030,60290,18,1,1,0,0,0
Poland,2003,192552.1,38218531,360031.19,838750,155560,278770,1211460,741620,330610,286,9,10,19,116,39
Portugal,2003,146067.9,10444592,83835.04,271250,67330,109190,185060,216680,65490,32,2,2,3,91,11
Romania,2003,51108.5,21627509,119151.23,314430,105010,143270,587560,292780,199810,62,3,3,7,32,18
Slovenia,2003,26247.5,1995033,12839.81,55190,14510,18200,60350,51070,21150,5,1,0,1,2,1
Slovakia,2003,30119.1,5374873,40159.75,101150,31840,40610,102080,140390,34450,18,1,1,2,2,3
Finland,2003,151749,5206295,66896.22,248630,27430,45320,101100,161910,36800,25,1,1,4,35,29
Sweden,2003,296305.5,8940788,31713.92,195770,32260,51380,42040,209030,58950,14,1,1,1,19,7
Norway,2003,202462,4552252,32296.2,215300,38680,47540,23140,335170,30150,11,1,1,2,0,5
Switzerland,2003,321415.6,7313853,51547.46,93020,10750,17990,15260,126570,58640,23,1,1,0,0,0
United Kingdom,2003,1815326.8,59501394,705243.94,1860270,136240,232140,1073310,1366100,285590,173,6,8,20,178,59
Belgium,2004,296819.7,10396421,146840.62,341750,36950,50170,154660,187910,79640,89,3,4,3,37,19
Bulgaria,2004,21093.2,7745147,45810.75,168380,30400,53550,791210,91550,49730,139,4,2,15,22,9
Czechia,2004,96554.1,10195347,143130.23,295310,46770,61020,215100,277500,101500,55,2,3,3,12,12
Denmark,2004,202422.2,5397640,76595.13,213650,21280,32400,28800,158380,92910,21,1,1,1,7,2
Germany,2004,2262520,82531671,1019768.33,1693370,143970,258340,497590,1533440,600870,255,14,15,7,169,79
Estonia,2004,9777.5,1366250,15071.46,46100,15410,24880,88170,33610,10050,39,1,1,10,7,10
Ireland,2004,156260.3,4028851,75766.84,175310,18750,40370,73310,120540,117860,12,0,0,2,21,3
Greece,2004,193715.8,10940369,129486.7,464420,69270,134610,560910,341080,76630,67,9,3,3,55,7
Spain,2004,859437,42547451,389380.93,1368130,151580,243010,1248210,817710,515140,134,13,7,15,172,34
France,2004,1704019,62292241,503990.53,1544030,268540,368130,481760,1661060,625710,159,7,7,12,150,52
Croatia,2004,33774,4305725,21725.59,91500,42750,59060,52000,113910,49450,21,1,1,1,13,3
Italy,2004,1452319,57495900,555568.91,1348090,151700,203270,488980,1348980,436690,284,8,13,29,113,49
Cyprus,2004,13937.9,722893,8820.15,22490,2240,4280,40320,15300,10580,6,0,0,0,11,0
Latvia,2004,11724,2276520,4392.08,44760,30280,42750,9300,54400,14230,169,1,0,17,7,3
Lithuania,2004,18219.4,3398929,16444.07,61440,7590,9470,24680,57480,37850,3,0,0,0,5,1
Luxembourg,2004,28189.4,454960,12205.61,54740,2580,3240,2720,16000,5640,2,0,0,0,0,0
Hungary,2004,83899.5,10116742,73606.99,182790,44560,76820,151230,176670,84060,20,1,2,3,5,12
Malta,2004,4910.4,399867,3143.53,8550,770,1380,11940,2950,1920,0,0,0,0,6,0
Netherlands,2004,529286,16258032,223863.5,422950,29620,42850,68980,262360,155030,34,4,1,1,13,5
Austria,2004,242348.3,8142573,81555.88,241260,22710,36040,26590,153700,60160,18,1,1,0,0,0
Poland,2004,206126,38190608,354501.62,856200,155730,276330,1161340,768800,320550,300,9,11,20,114,39
Portugal,2004,152248.4,10473050,76950.74,272500,68490,110180,188510,209600,65320,32,2,2,4,89,11
Romania,2004,60402,21521142,117626.8,314830,118180,161140,557950,301920,212150,66,4,3,7,27,18
Slovenia,2004,27692,1996433,13028.55,53800,14250,18010,50850,48940,19740,5,1,0,1,2,1
Slovakia,2004,34757.7,5371875,40847.66,100940,29470,37770,93300,141290,32010,20,1,1,2,2,4
Finland,2004,158758,5219732,62091.05,237070,26850,44130,83520,157310,37270,26,2,1,4,31,26
Sweden,2004,310182,8975670,37417.97,192340,30890,50130,37550,206290,59210,13,1,1,1,17,8
Norway,2004,213032.7,4577457,33020.24,213770,36630,45050,24720,298530,30300,11,1,1,2,0,4
Switzerland,2004,326647.4,7364148,52197.42,92440,10580,17920,15000,118360,58360,23,1,1,0,0,0
United Kingdom,2004,1941265.1,59793759,700947.15,1797230,132480,215240,910470,1278370,285350,164,6,7,19,180,58
Belgium,2005,310037.6,10445852,143794.11,326870,34430,45980,142970,181840,78130,74,2,2,3,29,18
Bulgaria,2005,24039.9,7688573,45152.99,173990,30420,56370,778990,94540,48340,124,3,2,16,24,10
Czechia,2005,110321.7,10198855,140867.57,290060,43240,57810,208440,269560,99330,36,2,3,2,12,12
Denmark,2005,212832.4,5411405,72136.32,205260,21720,33320,26320,153360,89260,17,1,1,0,7,2
Germany,2005,2288310,82500849,991057.59,1642170,137500,247940,477470,1486290,607150,232,12,14,7,177,76
Estonia,2005,11343.3,1358850,17881.75,42280,12970,21190,76290,31850,10090,37,1,1,9,6,9
Ireland,2005,170306.8,4111672,78135.92,176730,19340,41290,72840,121110,119700,8,0,0,2,21,3
Greece,2005,199242.3,10969912,133131.43,482600,68510,125710,578890,333790,74740,66,9,3,3,55,7
Spain,2005,927357,43296338,404680.74,1345950,147000,238330,1204920,787210,483090,132,11,7,14,175,35
France,2005,1765905,62772870,504079.94,1496600,247130,341450,462310,1580770,621040,154,6,7,12,149,55
Croatia,2005,36801.1,4310861,21962.64,89240,44100,59390,58470,113770,46330,14,1,1,1,14,4
Italy,2005,1493635.3,57874753,555666.83,1289030,173350,222570,411020,1340330,418990,298,9,12,28,112,50
Cyprus,2005,15039.3,733067,8936.94,22460,2190,4130,37840,16020,9820,1,0,0,0,12,0
Latvia,2005,13791.9,2249724,5118.83,44160,28220,36670,8750,54190,14470,169,1,0,17,6,3
Lithuania,2005,20979.9,3355220,18336.33,62820,8470,14040,27530,63080,37400,3,0,0,0,5,1
Luxembourg,2005,30281,461230,12495.94,56660,2510,3180,2650,15220,5570,2,0,0,0,0,0
Hungary,2005,91110.9,10097549,70842.33,179260,41870,74290,42730,173660,80020,11,1,1,3,4,12
Malta,2005,5152.1,402668,2979.97,9750,720,1360,12100,2830,1870,4,0,0,0,0,0
Netherlands,2005,550883,16305526,217969.64,415670,28760,41970,67420,266730,152540,30,4,1,1,10,4
Austria,2005,254075,8201359,81259.3,247330,22550,35630,25930,157720,60080,18,1,1,0,0,0
Poland,2005,246216.8,38173835,355166.01,886200,154540,278620,1132300,765790,338280,277,8,10,19,109,38
Portugal,2005,158552.7,10494672,88548.59,276840,66640,108630,189850,197720,64560,32,2,2,4,105,12
Romania,2005,79223.9,21382354,115092.19,330930,120840,159050,602510,324560,214610,68,4,3,6,25,19
Slovenia,2005,29122.3,1997590,13253.51,54410,16350,20390,40190,48320,20340,6,1,0,1,2,2
Slovakia,2005,39403.4,5372685,44332.24,104490,36110,44050,86210,149740,32610,21,1,1,2,2,4
Finland,2005,164687,5236611,49444.08,208100,26020,42320,69550,146200,37990,21,1,1,3,26,20
Sweden,2005,315774.8,9011392,34823.34,189450,31120,50390,36310,204410,57830,11,1,1,1,16,10
Norway,2005,248462.6,4606363,34615.98,217510,37330,46240,23240,250700,30450,10,1,1,2,0,4
Switzerland,2005,338217.8,7415102,52583.68,93350,10530,18060,14020,115320,59170,21,1,1,0,0,0
United Kingdom,2005,2037200.9,60182050,692675.86,1777310,130980,210190,793740,1196530,279270,154,6,8,19,187,57
Belgium,2006,325151.5,10511382,140981,310720,34910,46250,134090,175390,77610,72,2,2,3,29,19
Bulgaria,2006,27410,7629371,49204.96,148270,31830,58730,765270,92780,47640,121,3,2,16,24,11
Czechia,2006,124581.2,10223577,143407.06,285030,43860,59020,206730,270210,98020,37,2,3,2,12,12
Denmark,2006,225531.3,5427459,80002.92,204680,22140,33350,30360,148880,85950,16,1,1,0,7,2
Germany,2006,2385080,82437995,990564.77,1652480,135460,245930,475840,1482700,602630,215,13,13,8,191,79
Estonia,2006,13568.9,1350700,15817.59,41070,9770,16320,69910,30660,10100,34,1,1,9,6,8
Ireland,2006,184916.2,4208156,77687.51,172520,18740,41560,60780,121120,121340,8,0,0,2,18,3
Greece,2006,217861.6,11004716,129193.21,482510,67770,128730,537280,310160,72500,61,8,3,3,56,7
Spain,2006,1003823,44009971,395873.98,1299330,148850,242320,1073540,757730,478780,133,10,7,15,147,33
France,2006,1848151,63229635,491907.26,1408360,221600,313650,428690,1479260,611150,145,5,7,11,144,52
Croatia,2006,40536.1,4312487,22527.55,88860,40440,55250,54600,115120,46470,10,1,1,1,14,4
Italy,2006,1552686.8,58064214,544191.78,1238020,179530,227410,389030,1305140,414920,298,8,13,28,99,50
Cyprus,2006,16263.8,744013,9205.82,22100,2080,3950,31450,15810,10100,1,0,0,0,11,0
Latvia,2006,17363.1,2227874,4837.49,44950,27740,36500,8410,53780,14720,169,1,0,17,6,3
Lithuania,2006,24053.3,3289835,19032.29,62710,8820,14410,25600,64280,37380,3,0,0,0,4,1
Luxembourg,2006,34175,469086,12416.15,51310,2400,3050,3020,13500,5440,2,0,0,0,0,0
Hungary,2006,92155.1,10076581,71853.12,171980,42120,65820,38960,160550,79720,10,1,1,3,4,12
Malta,2006,5403,404999,3039.45,9610,730,1410,12240,2580,1900,4,0,0,0,0,0
Netherlands,2006,584546,16334210,212840.17,408940,28700,41530,67520,260440,155250,30,4,1,1,10,4
Austria,2006,267824.5,8254298,84560.19,237890,22040,34660,26700,159840,60520,19,1,1,0,0,0
Poland,2006,274501.7,38157055,376026.47,906420,159460,290100,1196460,821730,342730,301,9,10,19,111,40
Portugal,2006,166260.5,10511988,72703.98,255800,62660,108500,165080,190320,62780,31,2,2,3,78,11
Romania,2006,97215.6,21257016,116994.4,328530,116100,155360,647530,325790,215780,67,4,3,7,23,18
Slovenia,2006,31476.1,2003358,13489.94,54940,14650,18740,17090,46180,20240,6,1,0,1,2,2
Slovakia,2006,45602,5372928,41287.37,97700,32320,39980,84740,143410,30260,12,1,1,2,2,4
Finland,2006,172897,5255580,55373.94,223720,25700,43140,82910,140150,37020,25,1,1,3,28,25
Sweden,2006,337317.2,9047752,25081.48,187820,29350,48770,36150,199510,57020,10,1,1,1,16,11
Norway,2006,275414.7,4640219,32650.63,217480,35320,44320,21500,220960,30680,9,1,1,2,0,4
Switzerland,2006,353766.2,7459128,53209.96,92060,10340,17940,13310,111880,59520,20,1,1,0,0,0
United Kingdom,2006,2157333.5,60620361,684954.58,1709180,128280,203550,747730,1147410,274480,136,6,8,19,170,53
Belgium,2007,343618.9,10584534,137643.78,300500,32890,43240,123440,165380,74840,62,2,3,4,26,20
Bulgaria,2007,32444.5,7572673,52244.82,143350,30710,61470,824390,88590,47340,111,3,2,14,25,9
Czechia,2007,139002.1,10254233,145716.58,284060,42290,57330,212030,263880,100370,35,2,3,2,10,12
Denmark,2007,233383.3,5447084,75610.97,190050,24200,35100,27320,146380,84850,14,1,1,0,6,2
Germany,2007,2499550,82314906,968231.29,1607880,129960,236990,459110,1420610,610350,199,12,13,8,180,79
Estonia,2007,16401.3,1342920,19148.05,45370,12640,22750,88050,28080,10210,43,1,1,11,7,11
Ireland,2007,197069.4,4340118,75768.31,168260,18130,41010,54990,120300,114590,7,0,0,1,15,3
Greece,2007,232694.6,11036008,133685.75,481140,67540,124090,521670,287840,73210,65,8,3,3,57,7
Spain,2007,1075539,44784666,409287.5,1291220,149240,241780,1044030,742580,486000,134,9,6,14,128,32
France,2007,1941360,63645065,483212.28,1344400,204770,293930,405030,1352470,617710,140,4,5,11,118,44
Croatia,2007,44262.9,4313530,24872.1,91050,38770,53790,59990,110740,46220,10,1,1,1,12,4
Italy,2007,1614839.8,58223744,561551.26,1171410,204310,250890,347950,1286960,416300,296,8,11,29,84,50
Cyprus,2007,17591.1,757916,9681.31,21520,1920,3780,29380,15900,10250,1,0,0,0,12,0
Latvia,2007,22791.5,2208840,5684.47,45090,26970,37400,8140,52760,15110,172,1,0,17,6,3
Lithuania,2007,29011.2,3249983,19290.87,64030,8790,14300,22450,64060,38510,3,0,0,0,4,1
Luxembourg,2007,37641.9,476187,11918.36,46440,2100,2750,2440,12350,5550,2,0,0,0,0,0
Hungary,2007,102444.4,10066158,69766.08,168000,42040,63910,36090,146470,79530,10,1,1,3,4,13
Malta,2007,5790.3,405616,3132,10070,740,1460,12550,2550,1960,4,0,0,0,0,0
Netherlands,2007,619170,16357992,211206.1,393700,27340,40830,63560,262520,152220,36,4,1,1,10,4
Austria,2007,283978,8282984,81567.76,230900,21210,33670,23330,155670,61840,20,1,1,0,0,0
Poland,2007,313848.3,38125479,382944.01,904850,152670,276700,1106080,801430,348840,309,9,10,19,108,39
Portugal,2007,175483.4,10532588,66635.17,244860,61330,97220,157680,185040,64120,31,2,2,3,72,10
Romania,2007,127632,21130503,119593.25,309070,114570,157600,515730,304370,216290,65,4,3,7,19,18
Slovenia,2007,35073.5,2010377,13302.22,53530,16070,20470,15000,46170,20980,6,1,0,1,2,2
Slovakia,2007,56339.3,5373180,39966.47,96910,28360,35270,68950,138070,31510,12,1,1,1,2,4
Finland,2007,187072,5276955,62748.3,210840,24540,40980,81160,136420,36600,22,1,1,3,25,29
Sweden,2007,358945.1,9113257,30049.45,183410,29010,48660,31780,204830,56830,11,1,1,1,14,13
Norway,2007,293167,4681134,34234.94,220300,35490,45110,19670,214240,30620,8,1,0,2,0,4
Switzerland,2007,360651.5,7508739,52375.22,90750,9960,17690,11620,108890,60340,20,1,1,0,0,0
United Kingdom,2007,2259235.2,61073279,672372.9,1637550,121680,192030,651690,1107010,270680,124,5,7,19,171,49
Belgium,2008,351743.1,10666866,137635.28,272960,32580,42640,95460,157540,72640,72,2,4,3,20,19
Bulgaria,2008,37217.7,7518002,52672.97,145870,30560,58020,575480,88040,45880,179,3,1,5,8,9
Czechia,2008,162064.5,10343422,139353.05,267380,40950,55200,170070,259330,95240,30,2,3,2,9,11
Denmark,2008,241613.5,5475791,70593.37,173790,23390,39070,21230,143350,84030,14,1,1,0,5,2
Germany,2008,2546490,82217837,957277.19,1544860,126100,234050,453940,1358630,614310,174,11,11,8,174,78
Estonia,2008,16618.1,1338440,17323.76,42070,11830,18930,69490,26370,10670,37,1,1,9,6,9
Ireland,2008,187283,4457765,74760.87,153140,17840,38960,45640,116500,116600,7,0,0,1,14,3
Greece,2008,241990.4,11060937,128840.37,454840,64330,130940,449910,261420,70230,62,8,3,3,54,7
Spain,2008,1109541,45668939,375436.32,1087750,135570,212560,382170,675830,443450,128,8,5,13,117,30
France,2008,1992380,64007193,477907.3,1246640,197340,284240,346500,1272730,622920,125,4,5,12,115,42
Croatia,2008,48333.6,4311967,23766.03,87470,38410,55650,53460,109360,47920,9,1,1,1,10,3
Italy,2008,1637699.4,58652875,530476.15,1052190,216980,261240,293490,1264980,405660,277,7,11,22,71,48
Cyprus,2008,19009.6,776333,9725.22,19890,1880,3730,22250,14520,9650,1,0,0,0,12,0
Latvia,2008,24531.5,2191810,4845.45,41320,25960,36200,6600,47660,14750,162,1,0,16,6,2
Lithuania,2008,32660.1,3212605,17666.4,61910,9460,14390,19640,64270,36610,3,0,0,0,4,1
Luxembourg,2008,40009.6,483799,11787.34,43180,2020,2670,1790,13590,5610,2,0,0,0,0,0
Hungary,2008,108378.8,10045401,65953.27,162130,37810,66470,35670,137520,72890,11,1,1,3,3,13
Malta,2008,6206,407832,3083.79,9810,680,1200,10290,2210,1760,4,0,0,0,0,0
Netherlands,2008,647198,16405399,210411.56,388040,25920,39400,52940,256310,139530,30,4,1,1,10,4
Austria,2008,293761.9,8307989,82267.19,217850,20360,33190,20260,150370,61500,20,1,1,0,0,0
Poland,2008,366040.5,38115641,376608.09,876190,149580,271160,879900,822060,336570,304,9,10,18,102,39
Portugal,2008,179102.8,10553339,62625.8,227170,58770,97390,104370,175660,62060,30,2,2,3,66,10
Romania,2008,146590.6,20635460,115107.11,303000,133670,172410,522190,321600,213020,57,4,3,7,17,17
Slovenia,2008,37925.7,2010269,14275.72,57180,15850,19990,12680,44210,19760,6,1,0,1,2,2
Slovakia,2008,66098.1,5376064,41504.46,97800,25440,32230,67570,134520,29050,11,1,1,1,2,4
Finland,2008,194265,5300484,51592.58,193520,22810,38560,66830,120300,35750,20,1,1,3,22,27
Sweden,2008,354881.1,9182927,21820.08,176070,27550,46480,29470,195910,57000,9,1,0,1,13,10
Norway,2008,317021.5,4737171,31431.61,214080,34110,42810,19900,181350,30900,7,1,0,2,0,4
Switzerland,2008,389124.7,7593494,52442.62,90560,10000,17840,11720,106520,60260,19,1,1,0,0,0
United Kingdom,2008,1995854.5,61571647,650884.25,1469150,120160,183270,549770,1025590,255140,115,5,7,19,173,48
Belgium,2009,346472.8,10753080,125173.69,242480,29230,37940,74390,145340,72680,31,2,2,2,11,10
Bulgaria,2009,37417.7,7467119,43727.44,139340,29030,51200,442240,93790,44220,75,2,1,7,13,6
Czechia,2009,149586.5,10425783,130005.63,251650,41940,54850,168740,257580,87950,24,2,3,2,8,11
Denmark,2009,231278,5511451,67075.64,154590,21210,32250,15590,133380,79910,13,1,0,0,5,2
Germany,2009,2445730,82002356,882930.68,1454970,114410,216860,395720,1244950,616700,149,10,10,7,155,69
Estonia,2009,14131.9,1335740,12766.86,36330,9570,15450,54880,23590,9930,31,1,1,8,5,8
Ireland,2009,169519.7,4521322,68525.62,128490,17130,37630,32650,114070,116750,6,0,0,1,11,3
Greece,2009,237534.2,11094745,121550.48,434660,61670,120710,392330,249570,66020,61,8,3,3,58,6
Spain,2009,1069323,46239273,338099.11,971490,140600,209190,284430,617660,440450,114,8,4,13,99,28
France,2009,1936422,64350226,465827.4,1165570,184860,266700,293260,1197980,613780,99,3,5,8,107,36
Croatia,2009,45413.1,4309796,21382.6,80210,37830,52370,56210,95420,39680,9,1,1,1,12,3
Italy,2009,1577255.9,59000586,471359.59,964440,200910,239750,241080,1184350,390140,196,6,8,20,53,37
Cyprus,2009,18675.5,796930,9476.67,20030,1660,3260,17580,13370,9430,1,0,0,0,11,0
Latvia,2009,18922,2162834,7076.07,38730,27830,35600,6640,47640,15410,136,1,0,13,5,2
Lithuania,2009,26897,3183856,12392.2,52740,8330,13380,19400,59150,37840,2,0,0,0,4,1
Luxembourg,2009,39050.7,493500,11255.23,38490,1890,2610,1760,12460,5500,1,0,0,0,0,0
Hungary,2009,94638,10030975,61171.44,150920,48540,78150,29640,136780,70660,9,1,1,2,4,10
Malta,2009,6259.6,410926,2899.25,8620,460,1000,6520,3370,1720,4,0,0,0,0,0
Netherlands,2009,624842,16485787,204974.63,353530,23750,36850,39550,257580,137030,31,4,1,1,3,4
Austria,2009,288044,8335003,77125.83,204060,19220,31460,14750,137490,62920,18,1,1,0,0,0
Poland,2009,317040.6,38135876,358602.38,862210,143060,259460,745540,773810,324260,270,8,9,17,99,37
Portugal,2009,175416.4,10563014,59661.25,214670,55490,95160,72040,160900,59550,28,2,2,3,53,9
Romania,2009,125213.9,20440290,97436.65,255800,126400,162550,442900,278400,204840,37,3,2,5,15,12
Slovenia,2009,36254.9,2032362,12181.23,48550,14480,17290,10220,40640,20140,5,1,0,1,2,1
Slovakia,2009,64095.5,5382401,37455.43,88070,23250,29780,62720,125210,28930,10,1,1,1,2,4
Finland,2009,181747,5326314,34567.27,176430,22210,37470,58910,111310,36260,17,1,1,3,21,17
Sweden,2009,314637.5,9256347,17473.73,164020,26010,44010,27060,180710,54120,9,1,1,1,12,3
Norway,2009,278246.6,4799252,25553.22,204450,31980,40660,14830,165220,30820,5,1,0,1,0,4
Switzerland,2009,402236.6,7701856,49949,85590,9380,17170,10370,103090,58950,18,1,1,0,0,0
United Kingdom,2009,1738066.5,62042343,594658.93,1271800,114400,173560,452070,920880,257980,100,5,6,17,143,45
Belgium,2010,363140.1,10839905,133287.74,244710,30690,39660,60620,144060,73150,40,2,2,2,10,14
Bulgaria,2010,38284.9,7421766,47022.53,125270,30890,52880,386870,85340,43230,63,2,1,3,7,5
Czechia,2010,157920.8,10462088,133493.58,248030,45020,57510,163850,254600,91470,23,1,3,2,8,11
Denmark,2010,243165.4,5534738,66274.7,149680,21270,32690,15440,131160,80740,13,1,0,0,5,2
Germany,2010,2564400,81802257,921074.03,1470970,119740,227770,405400,1361410,618910,171,13,11,7,154,74
Estonia,2010,14741.1,1333290,16345.42,42340,13840,23300,83290,23010,10090,41,1,1,11,7,11
Ireland,2010,167391.4,4549428,69778.9,121630,16240,35050,26670,111000,114830,6,0,0,1,10,2
Greece,2010,224124,11119289,115467.93,363540,47670,90830,230480,215060,71250,31,5,2,2,60,7
Spain,2010,1072709,46486619,321431.93,910590,137200,201710,242880,616820,435480,119,8,4,12,92,27
France,2010,1995289,64658856,469112.97,1143890,189410,272800,269200,1205870,617780,112,3,5,8,87,39
Croatia,2010,45578,4302847,21059.34,72250,38210,49520,35130,91890,42290,8,1,1,1,8,3
Italy,2010,1611279.4,59190143,476268.25,934180,196200,234400,221580,1117290,377110,218,5,8,17,41,40
Cyprus,2010,19410,819140,9183.7,18840,1580,3140,21740,12990,9560,1,0,0,0,7,0
Latvia,2010,17937.5,2120504,9938.69,39840,22080,29980,4340,44560,15200,164,1,0,16,6,2
Lithuania,2010,28033.8,3141976,10327.02,55560,7980,13740,17910,58230,36760,3,0,0,0,4,1
Luxembourg,2010,42402.7,502066,12137.61,39370,1850,2500,1770,11810,5610,1,0,0,0,0,0
Hungary,2010,99813.8,10014324,61605.08,147740,51440,73870,30360,131680,71250,8,2,1,2,3,11
Malta,2010,6815.8,414027,2956.11,10440,600,1160,8000,3650,1680,4,0,0,0,0,0
Netherlands,2010,639187,16574989,216967.41,349920,22700,35780,35760,268020,133910,38,5,1,1,2,4
Austria,2010,295896.6,8351643,80372.54,204450,19810,32030,15990,137900,62880,20,1,1,0,0,0
Poland,2010,362190.9,38022869,377611.36,877450,151500,271260,816620,738130,316320,303,9,9,18,107,40
Portugal,2010,179610.8,10573479,60044.07,197660,55510,88610,63090,162130,58990,29,2,2,2,46,9
Romania,2010,125472.3,20294683,94626.85,241680,129770,166830,355600,267560,186500,44,4,2,5,14,13
Slovenia,2010,36363.9,2046976,12485.4,48000,14540,16870,10430,39910,19540,5,1,0,1,2,2
Slovakia,2010,68492.1,5390410,39022.01,86160,26090,32000,67710,124660,28820,10,1,1,1,2,5
Finland,2010,188143,5351427,53961.71,187290,23790,39050,66100,113400,36590,20,1,1,3,23,26
Sweden,2010,374695.2,9340682,21670.73,168790,26220,44290,28800,176700,54690,10,1,1,1,14,5
Norway,2010,323760.9,4858199,31222.87,208960,34580,43370,18950,168630,30530,6,1,0,2,0,4
Switzerland,2010,455933.7,7785806,51884.86,84880,9200,17050,10480,100220,59060,17,1,1,0,0,0
United Kingdom,2010,1872175.5,62510197,608931.55,1245370,123060,190330,460470,880200,261290,102,5,7,17,144,41
Belgium,2011,375967.8,11000638,122847.37,227380,24820,33310,53250,132200,71880,30,2,2,2,9,12
Bulgaria,2011,41478.9,7369431,55695.63,132670,32850,56510,513990,87570,42620,67,2,1,4,7,6
Czechia,2011,165202.2,10486731,131723.06,237150,43300,55450,167470,243310,91620,21,1,3,2,7,11
Denmark,2011,247879.9,5560628,60597.01,140230,19260,30290,14070,124800,78140,13,1,0,0,4,2
Germany,2011,2693560,80222065,895267.37,1444520,114940,226590,389300,1272640,624760,169,13,10,7,142,75
Estonia,2011,16677.3,1329660,16311.88,40650,18180,34400,72700,22830,10210,40,1,1,11,6,10
Ireland,2011,171703.2,4570881,64760.84,108720,14510,28510,24870,108150,110450,6,0,0,1,7,2
Greece,2011,203308.2,11123392,112397.74,325880,47450,78170,159630,200250,70320,30,5,2,2,56,9
Spain,2011,1063763,46667174,321187.92,903040,138810,201110,279370,592550,423370,98,8,4,13,80,27
France,2011,2058369,64978721,444806.44,1086340,160810,244100,221880,1128780,607120,99,3,5,6,67,34
Croatia,2011,45378.6,4289857,22036.76,68710,36510,48350,29160,86590,43630,8,1,1,1,7,3
Italy,2011,1648755.8,59364690,471621.16,896240,149170,186150,199330,1026270,378670,229,5,9,18,39,41
Cyprus,2011,19803,839751,8827.59,21530,1420,2830,20740,10980,9430,1,0,0,0,9,0
Latvia,2011,19666,2074605,8737.42,37050,22420,32420,4290,44980,15340,4,1,0,0,1,1
Lithuania,2011,31317.2,3052588,10750.6,54540,9130,13580,18850,56810,36090,3,0,0,0,3,1
Luxembourg,2011,44323.5,511840,11845.11,40100,1650,2300,1330,11720,5440,2,0,0,0,0,0
Hungary,2011,102193.5,9985722,60235.72,138160,57240,76680,34180,134970,72130,10,2,1,2,3,12
Malta,2011,6924.6,414989,2947.95,8650,580,1170,7880,3290,1470,3,0,0,0,0,0
Netherlands,2011,650359,16655799,202647.13,333080,21440,34800,34560,264450,131760,23,3,1,1,3,4
Austria,2011,310128.7,8375164,77848.51,195980,18670,31070,15180,132920,62320,20,1,1,0,0,0
Poland,2011,379860,38062718,371042.63,858640,144540,258260,771130,727700,314720,300,9,9,18,100,39
Portugal,2011,176096.2,10572721,57359.43,180980,56990,95380,57100,152210,59280,28,2,1,2,38,8
Romania,2011,131841.6,20199059,101231.29,250500,119550,158140,326000,258700,187180,44,4,3,6,16,12
Slovenia,2011,37058.6,2050189,12508,47150,14390,16300,11430,37380,18810,5,1,0,1,2,2
Slovakia,2011,71477.1,5392446,37726.94,78510,24110,29820,67030,122080,27990,10,1,1,1,2,5
Finland,2011,197998,5375276,45936.45,171300,20870,36020,60220,103930,35340,19,1,1,3,20,17
Sweden,2011,412844.7,9415570,17354.07,161920,25600,45230,26230,174230,54290,9,1,0,1,11,6
Norway,2011,358339.5,4920305,28976.22,209990,32270,40930,18830,159800,29980,6,1,0,2,0,4
Switzerland,2011,520201.4,7870134,49452.91,80780,8250,16100,8440,96730,57890,17,1,1,0,0,0
United Kingdom,2011,1912869.3,63022532,563180.23,1165840,110800,172630,432560,864920,259040,101,5,6,17,131,41
Belgium,2012,386174.7,11075889,120090.76,216460,25050,33590,47400,128620,71760,29,1,1,1,7,11
Bulgaria,2012,42256.8,7327224,51234.67,128600,33080,55490,327840,86470,43070,69,2,1,3,6,5
Czechia,2012,162587.5,10505445,127620.82,224210,43610,55550,160170,237460,85850,22,1,3,1,6,11
Denmark,2012,254578,5580516,55485.82,129440,18190,28960,12660,119530,76250,12,1,0,0,4,2
Germany,2012,2745310,80327900,890853.07,1436060,113520,224280,371900,1256830,630590,161,12,10,7,140,75
Estonia,2012,17916.7,1325217,16476.44,37490,8630,14060,42900,23150,10360,36,1,1,10,6,9
Ireland,2012,175615.4,4589287,64990.97,111250,14250,28700,23500,109280,117080,6,0,0,1,6,2
Greece,2012,188380.6,11086406,109185.51,285370,48940,76040,142700,193010,68180,27,4,2,2,59,9
Spain,2012,1031099,46818219,315953.18,861040,122290,179250,283230,567890,418410,91,7,5,11,65,28
France,2012,2088804,65276983,443771.93,1060170,164140,247330,219690,1075930,608030,101,3,4,6,60,34
Croatia,2012,44483.6,4275984,20712.13,62640,35430,47070,24560,81100,42050,7,1,0,1,6,2
Italy,2012,1624358.7,59394207,461385.79,847630,176250,211250,180190,1030470,389410,222,5,9,17,36,40
Cyprus,2012,19440.8,862011,8308.08,20950,1110,2180,16030,10470,8910,0,0,0,0,9,0
Latvia,2012,22097.5,2044813,7196.52,37060,22980,32660,4430,45180,16260,5,1,0,0,1,1
Lithuania,2012,33410.2,3003641,11265.83,55140,8120,13900,16680,56290,35840,3,0,0,0,4,1
Luxembourg,2012,46526.2,524853,11505.8,37460,1630,2280,1530,12040,5280,2,0,0,0,0,0
Hungary,2012,100281.2,9931925,56324.08,131330,59860,75430,30400,136140,71540,9,2,1,2,3,11
Malta,2012,7364.5,417546,3130.58,9510,590,1170,7740,3180,1470,10,0,0,0,0,0
Netherlands,2012,652966,16730348,198354.78,314360,19780,32880,34550,258250,125700,16,3,1,1,2,4
Austria,2012,318653,8408121,75803.62,190500,18200,30450,14790,130740,62600,20,1,1,0,0,0
Poland,2012,387947,38063792,363314.62,819690,140290,249930,738850,704370,304970,313,9,10,18,94,39
Portugal,2012,168295.6,10542398,56785.84,167330,54000,86020,52380,148380,57470,26,2,1,2,33,8
Romania,2012,132711.2,20095996,96676.89,246300,122510,163240,260970,258930,182980,41,3,2,5,14,12
Slovenia,2012,36253.3,2055496,11983.98,45610,13840,15660,10650,35890,18660,5,1,0,1,2,1
Slovakia,2012,73360.8,5404322,34338.79,76360,25710,31260,57000,118280,29920,11,1,1,1,2,5
Finland,2012,201037,5401267,37762.58,161520,20800,34890,49960,101570,35240,16,1,1,3,19,19
Sweden,2012,430037.1,9482855,14044.81,155730,23980,41570,25630,165960,53430,9,1,0,1,10,5
Norway,2012,396523.5,4985870,32050.38,205850,32600,42600,17160,161030,30260,6,1,0,1,0,4
Switzerland,2012,538439,7954662,49552.19,81090,8070,15920,8670,95230,57160,17,1,1,0,0,0
United Kingdom,2012,2111028.9,63495088,579630.69,1192240,116170,172670,468140,854150,258080,105,5,6,17,133,42
Belgium,2013,392880,11137974,119542.68,207270,25720,34580,43000,124960,71040,26,1,1,1,5,6
Bulgaria,2013,42050.2,7284552,48278.55,111520,31780,52160,193740,82530,44400,72,2,1,3,6,5
Czechia,2013,159461.5,10516125,122902.85,211590,44090,55810,145220,234910,95060,23,1,3,2,5,10
Denmark,2013,258742.7,5602628,56863.29,124750,17960,28720,12770,120510,73650,12,1,0,0,4,2
Germany,2013,2811350,80523746,910652.86,1436360,111730,225590,360520,1212400,636980,163,12,10,7,135,74
Estonia,2013,18910.8,1320174,19769.32,36250,12000,20290,41690,22530,10610,42,1,1,11,7,11
Ireland,2013,179457.6,4609779,65450.61,113050,14790,29200,23760,111130,117920,6,0,0,1,7,2
Greece,2013,179884.4,11003615,101079.22,273550,44290,72240,121760,175770,68120,25,4,2,2,50,8
Spain,2013,1020348,46727890,290251.74,762280,135360,190940,219360,555570,421960,96,7,4,14,53,25
France,2013,2117189,65600350,441014.42,1039590,163660,245630,201290,1066990,605140,98,3,4,7,53,34
Croatia,2013,44329.4,4262140,18743.81,61430,34560,46960,17190,76660,35440,8,1,0,0,5,2
Italy,2013,1612751.3,59685227,410809.33,778760,170000,203980,149210,999310,375840,204,5,8,17,31,36
Cyprus,2013,17995,865878,7572.23,15350,960,1790,13500,8880,8240,0,0,0,0,5,0
Latvia,2013,22791.3,2023825,8379.97,36400,21070,30130,3920,43900,16730,4,1,0,0,0,1
Lithuania,2013,35039.5,2971905,10623.48,51620,6550,12140,14320,54870,34440,3,0,0,0,2,1
Luxembourg,2013,49094.5,537039,10795.61,34100,1580,2220,1590,11610,5270,1,0,0,0,0,0
Hungary,2013,102276.1,9908798,54184.61,127350,59560,78730,29220,133230,73460,9,2,1,2,2,8
Malta,2013,7944.3,422509,2793.53,7870,500,1010,5000,3600,1530,3,0,0,0,0,0
Netherlands,2013,660463,16779575,198421.21,301360,19220,32210,30430,255740,125180,14,3,1,1,2,4
Austria,2013,323910.2,8451860,77234.52,189750,17610,29810,14370,124840,62660,21,1,1,0,0,0
Poland,2013,392310.7,38062535,356792.71,776250,133690,237390,702400,652400,309650,305,9,10,18,84,38
Portugal,2013,170492.3,10487289,56135.19,163340,51700,74890,48130,145650,55890,26,2,1,2,27,8
Romania,2013,143690.4,20020074,84865.02,226530,114980,153210,210090,250700,184760,37,3,2,4,13,11
Slovenia,2013,36454.3,2058821,12843.11,42890,13940,15650,9630,35030,18410,5,1,0,1,2,1
Slovakia,2013,74217.3,5410836,33339.16,74230,24040,29690,51740,116140,30120,11,1,1,1,2,4
Finland,2013,204321,5426674,44448.85,158390,19690,34330,47610,96240,34590,16,1,1,3,17,18
Sweden,2013,441850.7,9555893,14522.34,152820,23290,42800,23290,158240,54550,8,1,0,1,9,5
Norway,2013,393408.7,5051275,31794.1,198830,28490,37140,17460,159800,30590,6,1,0,1,0,4
Switzerland,2013,536632.9,8039060,50897.18,80890,7830,15760,8000,92590,56280,17,1,1,0,0,0
United Kingdom,2013,2096338,63905342,566005.54,1130030,118710,181640,405250,825630,254820,99,5,6,19,139,43
Belgium,2014,403003.3,11180840,113869.55,197170,20880,29490,40600,118340,69490,23,1,2,1,5,6
Bulgaria,2014,43026,7245677,50308.75,118410,30880,51710,186700,78250,45180,81,3,1,4,6,6
Czechia,2014,157821.3,10512419,120804.39,208570,41560,53080,134460,230950,98260,23,1,3,1,6,11
Denmark,2014,265757,5627235,53368,115290,16510,28020,10710,112040,73180,12,1,0,0,3,2
Germany,2014,2927430,80767463,871833.82,1391550,103950,217540,339280,1173850,644690,159,12,10,7,128,75
Estonia,2014,20048.2,1315819,19420.86,35260,8740,15220,46810,22450,10730,39,1,1,10,6,10
Ireland,2014,195085.2,4637852,64634.73,112090,14000,28280,17590,108180,114250,6,0,0,1,7,2
Greece,2014,177236,10926807,99131.01,269070,44960,75540,104470,171970,65020,27,4,2,3,34,15
Spain,2014,1032158,46512199,290354.23,767860,120110,175230,240790,556850,443620,98,7,4,11,46,26
France,2014,2149765,66165980,416199.3,969020,140430,219440,158190,1050320,609430,93,3,5,6,47,31
Croatia,2014,43918.6,4246809,18135.63,58110,30000,41140,13910,70060,33980,8,1,0,0,4,2
Italy,2014,1627405.6,60782668,388805.5,756150,152390,186190,132730,927650,364370,207,4,8,17,30,35
Cyprus,2014,17430.2,858000,7942.9,16130,910,1660,16700,8430,8270,0,0,0,0,5,0
Latvia,2014,23625.8,2001468,12124.84,35990,20590,29830,3890,44280,17210,3,1,0,0,0,1
Lithuania,2014,36581.3,2943472,11516.61,52300,6210,11880,12900,53500,36900,3,0,0,0,2,1
Luxembourg,2014,51791.3,549680,10397.08,31970,1560,2210,1610,10940,5410,2,0,0,0,0,0
Hungary,2014,106297.8,9877365,53516.45,125570,50290,73700,25860,124160,74270,8,2,1,2,2,9
Malta,2014,8751.1,429424,2796.46,7860,590,1190,4720,3040,1470,5,0,0,0,0,0
Netherlands,2014,671560,16829289,190489.59,281030,18440,31520,30220,243470,128590,9,3,1,1,2,4
Austria,2014,333146.1,8507786,73849.42,181980,16050,28310,14530,118170,63410,20,1,1,0,0,0
Poland,2014,408967.8,38017856,351726.81,724460,126150,225430,659710,648300,304220,307,9,9,18,82,37
Portugal,2014,173053.7,10427301,53977.84,160340,50890,68670,43550,150890,58250,26,2,1,2,22,8
Romania,2014,150708.6,19947311,81226.92,222080,115050,153460,183220,245330,186090,38,3,2,4,11,11
Slovenia,2014,37634.3,2061085,17224.3,38720,12060,13750,7700,32460,18310,4,1,0,1,1,1
Slovakia,2014,76092.7,5415949,33365.55,74740,16360,21730,44420,97740,30110,11,1,1,1,2,4
Finland,2014,206897,5451270,37742.26,150710,19380,33810,44250,93660,35150,17,1,1,3,17,23
Sweden,2014,438833.9,9644864,12796.14,151050,20240,38510,20610,154210,54540,9,1,0,1,8,5
Norway,2014,375947.3,5107970,35943.02,191130,25830,34390,17330,169460,30170,6,0,0,1,0,5
Switzerland,2014,553942.2,8139631,48671.07,76940,7020,14920,7250,89170,56530,15,1,1,0,0,0
United Kingdom,2014,2311080.2,64351203,525617.22,1057360,112170,173040,331350,820690,266710,107,5,5,18,140,43
Belgium,2015,416701.4,11237274,118107.4,197880,22190,30960,40980,117530,70050,29,2,1,1,5,6
Bulgaria,2015,45812.3,7202198,54188.37,115560,31500,55330,142370,80570,45110,74,2,1,3,6,6
Czechia,2015,169558.2,10538275,122277.33,204340,41050,52490,129340,230040,106880,20,1,2,2,5,10
Denmark,2015,273017.6,5659715,49733.03,113930,17130,26940,9980,114970,75090,12,1,0,0,3,2
Germany,2015,3026180,81197537,877518.95,1363900,102510,214200,336000,1147280,640690,165,12,9,7,135,76
Estonia,2015,20631.4,1314870,15908.68,30670,9550,14490,36050,22050,10450,31,1,1,8,5,8
Ireland,2015,262975.9,4677627,67743.25,114590,14080,28800,15890,108870,119560,6,0,0,1,6,3
Greece,2015,176368.9,10858018,91705.29,262940,42540,69590,101650,164820,64230,10,2,1,3,40,15
Spain,2015,1077590,46449565,299448.05,772270,127780,186400,257670,577170,452710,96,7,4,12,43,27
France,2015,2198432,66458153,423346.42,949050,141460,221690,151020,1023420,616380,86,3,4,5,42,31
Croatia,2015,45186.2,4225316,18920.09,58430,32900,43990,15780,71270,37520,8,1,0,0,4,2
Italy,2015,1655355,60795612,398666.49,718630,157760,191180,126710,900670,364330,199,4,7,9,30,35
Cyprus,2015,17884,847008,7992.39,13860,940,1710,12820,8770,8120,0,0,0,0,5,0
Latvia,2015,24572.1,1986096,10909.89,35210,17940,28630,3580,41590,17040,3,1,0,0,0,1
Lithuania,2015,37345.7,2921262,12459.42,53940,5700,11670,14890,52220,37280,2,0,0,0,2,1
Luxembourg,2015,54142.3,562958,9966.86,28440,1340,2110,1400,10660,5450,2,0,0,0,0,0
Hungary,2015,112823.6,9855571,55839.49,127610,52660,74780,23770,128400,78430,9,2,1,2,2,11
Malta,2015,9996.7,439691,2119.11,6790,440,930,2160,2970,1460,1,0,0,0,0,0
Netherlands,2015,690008,16900726,197619.1,282110,17840,31060,30980,251080,130870,9,3,1,1,2,4
Austria,2015,344269.2,8584926,76285.63,178980,15830,27900,14130,113050,64200,20,1,1,0,0,0
Poland,2015,430465.8,38005614,358370.74,706120,125890,226000,638780,667610,303830,298,9,9,18,88,38
Portugal,2015,179713.2,10374822,58973.97,163610,50980,70280,45810,153190,59150,26,2,1,2,23,8
Romania,2015,160149.8,19870647,81847.13,220360,110090,147500,157700,238910,189930,40,3,2,4,10,12
Slovenia,2015,38852.6,2062874,17506.1,34920,12950,14850,5480,32760,18750,5,1,0,1,1,1
Slovakia,2015,79888.1,5421349,33562.87,73190,20700,27640,66790,112070,29740,11,1,1,1,2,4
Finland,2015,211385,5471753,36264.19,138780,17690,31370,40820,88890,33530,15,1,1,2,16,17
Sweden,2015,455494.7,9747355,15639.77,147330,19190,37670,17710,154780,54540,8,0,0,1,7,5
Norway,2015,347632.1,5166493,41387.37,180300,25690,34070,16870,164880,29990,6,1,0,1,0,4
Switzerland,2015,632770.5,8237666,46313.2,72840,6780,14630,5630,86050,55600,15,1,1,0,0,0
United Kingdom,2015,2644716.5,64853393,508318.38,1025750,111810,171700,267910,819940,270580,107,5,5,17,121,43
Belgium,2016,430085.3,11311117,116662.33,186800,22230,31380,34060,116720,70280,27,3,1,1,5,6
Bulgaria,2016,48773.1,7153784,50267.41,109560,31630,47860,104950,77700,46120,68,2,1,4,6,7
Czechia,2016,177438.5,10553843,124461.24,192840,39870,51050,115110,224400,89920,17,1,2,1,5,10
Denmark,2016,283109.7,5707251,52837.43,113980,16990,26590,10450,110590,75180,12,1,0,0,3,2
Germany,2016,3134740,82175684,878975.43,1340620,96940,199610,311520,1141920,638200,161,12,9,7,145,77
Estonia,2016,21747.9,1315944,17627.09,30570,7760,12080,34930,21870,10200,35,1,1,9,5,9
Ireland,2016,270205.3,4726286,69258.11,114580,13250,28340,14440,109950,124830,6,0,0,1,6,3
Greece,2016,174494.2,10783748,88335.5,262170,39540,69320,80620,156510,64120,10,2,1,3,34,11
Spain,2016,1113840,46440099,287778.91,727600,124680,187060,214500,585520,457290,92,7,4,12,44,27
France,2016,2234129,66638391,433763.8,902430,140480,220830,136020,1001340,616260,85,3,4,5,38,31
Croatia,2016,47246.3,4190669,19198.41,57650,31600,42690,14810,72970,35700,8,1,0,0,4,2
Italy,2016,1695786.8,60665551,399039.49,699440,153060,186190,119220,884190,376560,203,5,7,9,30,35
Cyprus,2016,18929.3,848319,8821.95,13670,1030,1880,16060,8910,8400,0,0,0,0,6,0
Latvia,2016,25371.3,1968957,9062.02,33580,17870,27140,3450,39840,17190,3,1,0,0,0,1
Lithuania,2016,38889.9,2888558,13194.77,53780,5570,11570,14520,51710,36480,2,0,0,0,1,1
Luxembourg,2016,56208.1,576249,9627.98,25740,1480,2080,1050,10700,5500,1,0,0,0,0,0
Hungary,2016,116279.4,9830485,57759.91,119950,50700,71590,22980,128500,79300,9,2,1,2,2,9
Malta,2016,10541.1,450415,1831.96,6210,400,860,1770,2860,1370,1,0,0,0,0,0
Netherlands,2016,708337,16979120,198009.89,269650,17140,30390,27970,247350,129950,9,3,1,1,2,4
Austria,2016,357608,8700471,77423.91,171500,15460,27540,13290,111880,64980,20,1,1,0,0,0
Poland,2016,427091.8,37967209,361784.12,715960,129920,231730,532730,695980,304720,290,9,9,17,87,37
Portugal,2016,186489.8,10341330,61343.93,156780,50710,72050,45750,149760,59650,25,2,1,2,22,7
Romania,2016,170063.4,19760585,78546.08,211480,110160,144830,108740,236790,184860,39,3,1,4,8,12
Slovenia,2016,40443.2,2064188,18531.26,34340,12870,14940,4670,32940,18960,5,1,0,1,2,1
Slovakia,2016,81014.3,5426252,33948.67,69010,20950,26390,26420,113280,30590,11,1,1,1,2,5
Finland,2016,217518,5487308,40267.79,134600,18600,32570,39810,89830,33190,16,1,1,3,16,18
Sweden,2016,466266.5,9851017,14827.88,145050,19330,38320,18420,147830,53380,9,0,0,1,7,6
Norway,2016,333471.3,5210721,40749.35,170150,24820,33390,15720,162720,29880,6,0,0,1,0,4
Switzerland,2016,628729.6,8327126,46626.07,71000,6690,14570,5190,83840,55400,15,1,1,0,0,0
United Kingdom,2016,2434119.2,65379044,483469.31,935820,109810,173050,196740,799410,274500,98,5,4,16,117,43
Belgium,2017,445050.1,11351727,116465.76,175930,20470,29600,32460,114930,68590,25,1,1,1,4,5
Bulgaria,2017,52531.3,7101859,53521.67,99500,31480,46640,102830,77340,45010,75,2,1,4,6,7
Czechia,2017,194132.9,10578820,127156.68,191600,40810,52070,109930,223710,86000,17,1,2,2,5,10
Denmark,2017,294808.2,5748769,50458.23,110810,15790,26220,10660,108550,77880,12,1,0,0,3,2
Germany,2017,3267160,82521653,863618.16,1292310,95730,202440,302890,1147260,624070,167,12,9,6,145,77
Estonia,2017,23833.6,1315635,19698.37,31260,9190,14070,38630,22860,10520,36,1,1,10,6,9
Ireland,2017,297763.2,4784383,70298.93,110670,13070,29250,14980,114910,128640,5,0,0,1,6,3
Greece,2017,176903.4,10768193,92345.26,267640,40050,67670,90330,152530,63660,11,2,1,3,32,10
Spain,2017,1161867,46528024,300752.91,723970,124410,183650,218180,597600,476000,89,7,4,12,49,27
France,2017,2297242,66809816,445848.4,871630,134000,216900,129880,1003260,612350,86,3,3,5,31,30
Croatia,2017,49888.8,4154213,20601.7,58030,30430,41470,12660,70210,38820,8,1,0,1,4,2
Italy,2017,1736592.8,60589445,413600.02,645780,160120,192730,116920,924660,370830,206,5,7,8,30,35
Cyprus,2017,20245.3,854802,8643.54,13470,1020,1940,16260,11010,8460,0,0,0,0,6,0
Latvia,2017,26984.4,1950116,7650.22,33870,19610,28140,3610,40380,17680,3,1,0,0,0,1
Lithuania,2017,42276.3,2847904,14030.22,52080,5610,11710,13000,51490,36500,2,0,0,0,1,1
Luxembourg,2017,58168.8,590667,9942.19,22770,1310,1990,1070,10720,5640,2,0,0,0,0,0
Hungary,2017,127046,9797561,59610.1,121080,48540,67450,27690,125710,79930,9,2,1,2,3,12
Malta,2017,11941,460297,2016.17,5770,390,850,710,2980,1330,0,0,0,0,0,0
Netherlands,2017,738146,17081507,194747.46,259200,16750,29840,26550,247660,132210,9,3,1,1,2,4
Austria,2017,369361.9,8772865,79002.76,162730,15240,27530,12810,112400,65840,21,1,1,0,0,0
Poland,2017,467426.6,37972964,375083.85,749470,133200,236610,525510,710740,319070,302,9,9,18,86,38
Portugal,2017,195947.2,10309573,81134.53,159950,51110,73300,47340,152380,59810,26,2,1,2,22,7
Romania,2017,187772.7,19643949,84179.45,219930,111170,143650,88600,239960,181630,39,3,1,4,10,12
Slovenia,2017,43011.3,2065895,18737.71,33770,12370,14680,4910,32550,18560,5,1,0,1,1,1
Slovakia,2017,84442.9,5435343,35140.71,68010,21390,27150,28040,110930,32230,11,1,1,1,2,5
Finland,2017,226301,5503297,38829.03,130220,17850,30980,35020,87350,32330,16,1,1,2,15,17
Sweden,2017,480025.5,9995153,18334.96,140020,19610,38990,17810,140400,53560,9,1,0,1,7,7
Norway,2017,353316.4,5258317,38977.6,161520,24840,34000,15370,159760,29510,6,0,0,1,0,4
Switzerland,2017,623994,8419550,45984.81,67700,6580,14510,5000,82960,55260,15,1,1,0,0,0
United Kingdom,2017,2359789.9,65844142,472025.71,902460,110090,178850,192780,807090,275460,99,5,4,15,128,45
Belgium,2018,460091.7,11398589,116999.31,169400,19200,28460,31850,113920,68130,13,1,1,1,4,5
Bulgaria,2018,56224.7,7050034,50262.74,96400,30210,47150,88770,72570,44460,75,2,1,4,6,7
Czechia,2018,210970.5,10610055,130834.83,183880,39660,50920,96560,222640,86250,18,1,2,1,5,10
Denmark,2018,302328.7,5781190,52159.76,105510,14510,25480,11430,107760,76810,12,1,0,0,3,2
Germany,2018,3365450,82792351,830492.43,1210490,94660,207010,291780,1125010,601240,162,12,8,6,147,75
Estonia,2018,25817.7,1319133,18687.44,29820,6640,11100,30870,21980,10420,33,1,1,9,5,8
Ireland,2018,326631.3,4830392,69199.35,110120,13630,29110,14620,115140,135220,5,0,0,1,6,2
Greece,2018,179557.7,10741165,88286.09,258680,37530,60970,86130,146040,63380,10,2,1,2,30,11
Spain,2018,1203259,46658447,295102.95,690340,136120,197670,196200,610340,474720,93,8,4,14,49,27
France,2018,2363306,67026224,429229.91,811720,125790,207290,122070,978770,606480,86,3,3,5,24,30
Croatia,2018,52688.8,4105493,19177.08,53920,29270,41160,10150,71080,38820,8,1,0,1,3,2
Italy,2018,1771391.2,60483973,394101.81,639060,141510,174300,108890,897430,358400,205,5,7,8,30,35
Cyprus,2018,21612.6,864236,8515.88,13440,1020,1990,16930,9640,8590,0,0,0,0,6,0
Latvia,2018,29153.6,1934379,10669.95,34650,20430,29100,3860,44700,17480,3,1,0,0,1,1
Lithuania,2018,45514.8,2808901,13805.54,53020,5640,11740,12960,51880,35940,3,0,0,0,1,1
Luxembourg,2018,60362.2,602005,10422.57,20840,1390,2040,1020,10580,5630,1,0,0,0,0,0
Hungary,2018,136073.4,9778371,60315.54,119860,42160,62990,22920,120030,78640,8,1,1,2,3,12
Malta,2018,12954.8,475701,2028.87,5420,380,920,160,2720,1360,0,0,0,0,0,0
Netherlands,2018,773987,17181084,189703.27,252940,16110,28900,24970,240440,129290,6,2,1,0,2,4
Austria,2018,385424,8822267,75419.52,151410,14220,26370,11610,109030,64880,19,1,1,0,0,0
Poland,2018,497842.3,37976687,374406.52,725360,130190,232680,495410,679770,330210,298,9,9,17,82,37
Portugal,2018,205184.1,10291027,60527.69,154030,50230,70060,45210,154420,59100,26,2,1,2,21,7
Romania,2018,204496.9,19533481,87881.4,222120,110700,147140,84320,235930,181580,41,3,1,4,10,12
Slovenia,2018,45864.2,2066880,18616.49,32160,11320,13820,4790,32310,18440,5,1,0,1,1,1
Slovakia,2018,89430,5443120,35924.21,67380,17390,22580,20380,102530,32100,11,1,1,1,2,4
Finland,2018,233462,5513130,48785.91,126720,17800,31100,33120,85430,32120,15,1,1,2,14,15
Sweden,2018,470673.1,10120242,17634.76,136630,18520,37970,17370,136440,53630,8,0,0,1,7,6
Norway,2018,370294.3,5295619,38269.63,160410,24610,33240,16390,157060,30660,6,1,0,1,0,4
Switzerland,2018,622746,8484130,45472.01,64720,6350,14340,4800,81960,54630,15,1,1,0,0,0
United Kingdom,2018,2420897.2,66273576,463835.79,876260,112120,176330,178330,820340,273860,94,6,4,15,131,45
Belgium,2019,478238.9,11455519,115976.03,160210,18410,27380,29500,112820,66490,15,1,1,1,4,5
Bulgaria,2019,61558,7000039,49484.3,91480,30070,44170,74190,74720,42290,10,1,1,3,4,4
Czechia,2019,225613.5,10649800,131786.88,172380,35600,46550,79880,214900,84820,17,1,2,1,5,10
Denmark,2019,309526.4,5806081,47396.71,98610,13010,23190,10440,102820,75290,12,1,0,0,3,2
Germany,2019,3473260,83019213,784842.05,1136780,91940,203600,263530,1121230,586680,161,11,7,5,139,71
Estonia,2019,27732.3,1324820,14301.56,25160,5870,9230,18880,22690,10590,11,1,0,2,2,2
Ireland,2019,356704.6,4904240,66742.41,101020,11890,27840,10870,113890,125410,5,0,0,1,6,2
Greece,2019,183250.4,10724599,82538.09,249740,36880,60740,80380,144080,63890,8,2,1,2,27,10
Spain,2019,1244375,46937060,276723.2,645850,134830,194820,149450,608300,471250,98,7,3,13,44,25
France,2019,2437635,67177636,422251.61,773780,121290,202490,99700,955660,592680,85,3,3,5,25,30
Croatia,2019,55571.4,4076246,19268.79,53920,28600,40820,8150,75220,36760,5,1,0,1,3,2
Italy,2019,1796633.8,59816673,377672.46,626670,139320,172010,105010,894340,354710,199,4,6,7,28,34
Cyprus,2019,23009.9,875899,8558.03,14040,1060,2110,15780,9340,6820,0,0,0,0,5,0
Latvia,2019,30647.2,1919968,8710.42,33110,19960,29410,3700,40620,17700,3,1,0,0,0,1
Lithuania,2019,48859.9,2794184,15058.49,52470,5330,11420,11650,51850,34780,3,0,0,0,1,1
Luxembourg,2019,62704.2,613894,10469.08,19450,1180,1820,1010,11350,5580,1,0,0,0,0,0
Hungary,2019,146113.2,9772756,59672.34,114330,39740,61830,17280,119190,79430,9,1,1,2,2,11
Malta,2019,14047.1,493559,2130.39,5430,380,1010,160,2680,1330,0,0,0,0,0,0
Netherlands,2019,813055,17282163,183851.91,238420,15400,27630,22920,236910,122900,5,3,1,0,2,3
Austria,2019,397518.5,8858775,77111.43,144190,14060,26330,10920,108590,63810,20,1,1,0,0,0
Poland,2019,533599.9,37972812,370215.01,681520,121700,218400,426990,647070,317180,276,9,8,16,78,37
Portugal,2019,214374.6,10276617,55755.87,147550,50210,70650,44250,161480,59010,25,2,1,2,21,7
Romania,2019,223162.5,19414458,85462.7,217490,112030,153070,99050,229580,178240,41,3,1,4,10,12
Slovenia,2019,48396.7,2080908,12186.41,29190,10550,13090,4280,31180,18060,4,1,0,1,1,1
Slovakia,2019,94048,5450421,32933.95,60900,17820,23210,15700,99520,31490,9,1,1,1,1,4
Finland,2019,239858,5517919,39198.47,119810,16620,30030,28930,84520,31590,13,1,1,2,12,14
Sweden,2019,476869.5,10230185,14074.24,127030,17570,36720,16380,134000,53410,8,0,0,1,6,6
Norway,2019,361734.6,5328212,34650.02,150560,23530,32090,16270,152500,28550,6,1,0,1,0,4
Switzerland,2019,653732.6,8544527,43981.61,61330,6150,14130,4440,81150,53800,15,1,1,0,0,0
United Kingdom,2019,2526615.2,66647112,448249.91,842730,108970,170640,163380,813480,272020,93,6,4,15,124,45